"","fdho","expend","sfdho","lnexpend","expend_rec","expend2"
"1",6475,40516.75,0.159810453653336,10.6094703674316,0.0000246811505348887,1641607040
"2",3146,33540.5,0.0937970504164696,10.4205093383789,0.0000298147024295758,1124965120
"3",1632,5181.85009765625,0.314945429563522,8.55291748046875,0.000192981271538883,26851570
"4",2405,40385,0.0595518127083778,10.6062135696411,0.0000247616681008367,1630948224
"5",2227,40302.25,0.0552574619650841,10.6041622161865,0.0000248125106736552,1624271360
"6",2470,23188.75,0.106517165899277,10.0514221191406,0.0000431243606726639,537718144
"7",3510,13503.4501953125,0.259933561086655,9.51070022583008,0.000074055147706531,182343168
"8",1662,5109.7998046875,0.325257360935211,8.53891563415527,0.000195702377823181,26110054
"9",2405,15753.5,0.152664482593536,9.66481781005859,0.0000634779571555555,248172768
"10",2483,40762.75,0.0609134547412395,10.6155242919922,0.00002453220076859,1661601792
"11",1770,23060.5,0.0767546221613884,10.0458765029907,0.0000433641944255214,531786656
"12",4160,30839.25,0.134893029928207,10.3365430831909,0.0000324262109643314,951059328
"13",3390,25206.150390625,0.134490981698036,10.1348428726196,0.0000396728573832661,635350016
"14",1430,15891.25,0.0899866297841072,9.67352390289307,0.0000629277128609829,252531824
"15",2496,38821.25,0.0642946809530258,10.566722869873,0.0000257590872934088,1507089408
"16",2145,11765.75,0.182308822870255,9.37294769287109,0.0000849924545036629,138432880
"17",572,4933.7001953125,0.115937322378159,8.50384426116943,0.000202687631826848,24341398
"18",3653,13753.900390625,0.265597373247147,9.52907752990723,0.0000727066508261487,189169776
"19",1194,14141.5,0.08443234115839,9.55686855316162,0.0000707138533471152,199982016
"20",3692,27812.5,0.132746070623398,10.2332410812378,0.000035955057683168,773535168
"21",1638,21005,0.0779814347624779,9.95251560211182,0.0000476077111670747,441210016
"22",1677,11510.7001953125,0.145690530538559,9.35103225708008,0.000086875690612942,132496216
"23",4469,41749.5,0.107043199241161,10.6394424438477,0.0000239523833442945,1743020800
"24",5265,32854.5,0.160252019762993,10.3998441696167,0.000030437231544056,1079418112
"25",4012,62043,0.064664825797081,11.0355825424194,0.000016117854102049,3849333760
"26",1404,19415.400390625,0.0723137259483337,9.87382221221924,0.0000515055035066325,376957760
"27",4550,51814.5,0.0878132581710815,10.8554248809814,0.0000192996176338056,2684742400
"28",4452,26960.5,0.165130466222763,10.2021284103394,0.0000370913003280293,726868544
"29",1339,19185,0.0697941109538078,9.86188411712646,0.0000521240544912871,368064224
"30",1807,19704,0.0917072668671608,9.88857650756836,0.0000507511176692788,388247616
"31",3302,21830.75,0.151254534721375,9.99107456207275,0.0000458069480373524,476581632
"32",2744,40768.30078125,0.0673071965575218,10.6156597137451,0.0000245288611040451,1662054400
"33",4330,49078.75,0.0882255584001541,10.8011817932129,0.0000203754170797765,2408723712
"34",3018,12765.650390625,0.236415684223175,9.45451354980469,0.0000783352152211592,162961824
"35",3250,13029.5,0.249433979392052,9.47497177124023,0.0000767489182180725,169767872
"36",1476,8841.2001953125,0.166945666074753,9.08717823028564,0.000113106812932529,78166824
"37",982,17942.5,0.0547303892672062,9.7949275970459,0.0000557335952180438,321933312
"38",1365,6214.2001953125,0.219658195972443,8.73459243774414,0.00016092175792437,38616284
"39",1508,21113.69921875,0.0714228227734566,9.95767688751221,0.0000473626132588834,445788288
"40",1862,7897.60009765625,0.23576782643795,8.97431373596191,0.000126620740047656,62372088
"41",4885,30707.25,0.15908294916153,10.33225440979,0.0000325656001223251,942935232
"42",6114,69698.25,0.0877209976315498,11.151930809021,0.0000143475626828149,4857846272
"43",5799,70154.75,0.0826601162552834,11.1584587097168,0.0000142542021421832,4921689088
"44",4160,15032.25,0.276738345623016,9.61795330047607,0.0000665236439090222,225968544
"45",5355,55858.25,0.0958676636219025,10.9305725097656,0.0000179024591488997,3120144128
"46",3816,31746.75,0.120201282203197,10.3655452728271,0.0000314992867060937,1007856128
"47",3039,11562.099609375,0.262841522693634,9.35548782348633,0.0000864894827827811,133682144
"48",2102,12389.9501953125,0.169653624296188,9.42464065551758,0.0000807105752755888,153510864
"49",1711,7016.25,0.243862465023994,8.85598373413086,0.000142526274430566,49227764
"50",2598,96396.25,0.0269512552767992,11.4762229919434,0.0000103738475445425,9292236800
"51",2606,24614.44921875,0.105872772634029,10.1110887527466,0.0000406265426136088,605871104
"52",2765,22735.25,0.121617309749126,10.0316715240479,0.0000439845607616007,516891584
"53",3333,20483,0.162720307707787,9.9273509979248,0.000048820973461261,419553280
"54",5340,36906.5,0.144689962267876,10.5161428451538,0.000027095498808194,1362089728
"55",2600,31821.69921875,0.0817052498459816,10.3679037094116,0.0000314250974042807,1012620544
"56",1140,13618.5,0.0837096571922302,9.51918411254883,0.0000734295244910754,185463536
"57",1820,34401,0.0529054403305054,10.4458408355713,0.0000290689222310903,1183428864
"58",1474,10281.2001953125,0.143368482589722,9.23807239532471,0.0000972649067989551,105703080
"59",2734,32165,0.0849992260336876,10.3786344528198,0.0000310896939481609,1034587200
"60",6240,52226.25,0.119480147957802,10.8633403778076,0.000019147459170199,2727581184
"61",273,13941.2001953125,0.0195822454988956,9.54260349273682,0.0000717298389645293,194357056
"62",4435,40849.5,0.108569256961346,10.6176500320435,0.000024480103093083,1668681600
"63",8073,15270.400390625,0.528669834136963,9.63367176055908,0.0000654861651128158,233185136
"64",2314,21142.5,0.109447792172432,9.95904064178467,0.0000472980973427184,447005312
"65",4043,26028.5,0.15532973408699,10.1669473648071,0.0000384194245270919,677482816
"66",3900,10209,0.382015854120255,9.23102474212646,0.0000979527903837152,104223680
"67",1235,10950.2001953125,0.112783327698708,9.30111312866211,0.0000913225303520449,119906888
"68",2405,19744.650390625,0.121805146336555,9.89063739776611,0.0000506466312799603,389851232
"69",5200,54153.25,0.0960237830877304,10.8995733261108,0.0000184661130333552,2932574464
"70",4160,33667.5,0.123561300337315,10.4242877960205,0.0000297022343147546,1133500544
"71",1378,7561.7001953125,0.182234153151512,8.93085098266602,0.00013224538997747,57179308
"72",3975,34231,0.1161228120327,10.4408864974976,0.0000292132863251027,1171761408
"73",3640,34219.25,0.106372877955437,10.4405431747437,0.0000292233180516632,1170957056
"74",3510,25783.80078125,0.13613198697567,10.1575012207031,0.0000387840409530327,664804352
"75",5406,52951.5,0.102093428373337,10.8771314620972,0.0000188852063729428,2803861248
"76",852,32958.75,0.0258504953235388,10.4030122756958,0.0000303409560729051,1086279168
"77",6890,17459.400390625,0.394629806280136,9.76763343811035,0.00005727573443437,304830656
"78",3345,25611.25,0.130606666207314,10.1507873535156,0.0000390453424188308,655936128
"79",3237,14998.4501953125,0.215822294354439,9.61570262908936,0.0000666735577397048,224953504
"80",2600,36228.75,0.0717662051320076,10.4976081848145,0.0000276023874903331,1312522368
"81",3625,26485,0.136869922280312,10.1843338012695,0.000037757221434731,701455232
"82",2810,20562.900390625,0.136653870344162,9.93124389648438,0.0000486312710563652,422832864
"83",2925,41865,0.0698674321174622,10.6422052383423,0.0000238863012782531,1752678272
"84",2882,29821.400390625,0.0966420099139214,10.3029813766479,0.0000335329641529825,889315904
"85",2396,26792.25,0.0894288495182991,10.1958675384521,0.0000373242255591322,717824640
"86",2960,42405.5,0.0698022693395615,10.6550331115723,0.0000235818461078452,1798226432
"87",2821,20082.900390625,0.140467762947083,9.90762424468994,0.000049793605285231,403322880
"88",2043,10204.9501953125,0.200196966528893,9.23062801361084,0.0000979916585492902,104141008
"89",2917,31353,0.0930373519659042,10.3530654907227,0.0000318948732456192,983010624
"90",5469,33674,0.162410169839859,10.4244813919067,0.0000296965008601546,1133938304
"91",2678,13522.650390625,0.198038101196289,9.51212120056152,0.0000739500028430484,182862080
"92",4025,51834.5,0.0776509866118431,10.8558111190796,0.0000192921706911875,2686815488
"93",2836,18136.25,0.156371906399727,9.80566787719727,0.0000551381890545599,328923552
"94",3770,54736,0.0688760578632355,10.9102773666382,0.0000182695112016518,2996029696
"95",2600,33499,0.0776142552495003,10.4192705154419,0.0000298516370094148,1122183040
"96",6795,95388.5,0.0712350010871887,11.4657135009766,0.0000104834443845903,9098966016
"97",2726,44967.25,0.0606218986213207,10.7136898040771,0.0000222384060180048,2022053632
"98",3581,67706.75,0.0528898537158966,11.1229410171509,0.0000147695764098899,4584203776
"99",5295,40878.5,0.129530191421509,10.6183595657349,0.0000244627372012474,1671051776
"100",3276,17728.5,0.184787213802338,9.78292846679688,0.000056406352086924,314299712
"101",1934,15643.25,0.123631596565247,9.65779495239258,0.0000639253339613788,244711264
"102",4168,15648,0.266359925270081,9.6580982208252,0.0000639059289824218,244859904
"103",2535,19150.19921875,0.132374599575996,9.86006832122803,0.0000522187765454873,366730144
"104",1898,9788.75,0.193896055221558,9.18898868560791,0.0001021580901579,95819624
"105",2340,27977.5,0.0836386382579803,10.2391557693481,0.0000357430071744602,782740480
"106",6201,40468.75,0.153229340910912,10.6082849502563,0.0000247104253503494,1637719680
"107",3990,30696,0.129984363913536,10.3318872451782,0.0000325775363307912,942244416
"108",3481,48194.5,0.0722281560301781,10.7829999923706,0.0000207492557819933,2322709760
"109",1820,12817.2001953125,0.141996696591377,9.45854377746582,0.0000780201589805074,164280624
"110",3666,10527,0.348247349262238,9.26169872283936,0.0000949938257690519,110817728
"111",2924,42945.75,0.0680859014391899,10.6676931381226,0.0000232851907639997,1844337408
"112",4254,72280.5,0.0588540472090244,11.1883096694946,0.0000138349896587897,5224470528
"113",6125,13772.5,0.444726824760437,9.53042888641357,0.0000726084617781453,189681760
"114",3554,17188.650390625,0.206764340400696,9.75200462341309,0.0000581779240746982,295449696
"115",4368,14340.25,0.304597198963165,9.57082557678223,0.0000697337891324423,205642768
"116",5811,47962,0.121158413589001,10.7781639099121,0.0000208498386200517,2300353536
"117",6266,29062.75,0.215602442622185,10.2772121429443,0.0000344083055097144,844643456
"118",777,34476.75,0.0225369278341532,10.4480400085449,0.000029005053875153,1188646272
"119",7193,84354,0.0852715969085693,11.3427772521973,0.0000118548023237963,7115597312
"120",7215,37942.5,0.190156161785126,10.5438270568848,0.0000263556703430368,1439633280
"121",1477,13583.5,0.108734861016273,9.51661109924316,0.0000736187284928747,184511472
"122",3025,12183.7998046875,0.248280510306358,9.40786266326904,0.0000820761997601949,148444976
"123",6500,49563.3984375,0.131145164370537,10.8110074996948,0.0000201761795324273,2456530432
"124",962,36262.69921875,0.026528637856245,10.4985446929932,0.0000275765469268663,1314983296
"125",3716,18312.5,0.202921494841576,9.81533908843994,0.0000546075098100118,335347648
"126",2004,25399.05078125,0.078900583088398,10.1424674987793,0.0000393715490645263,645111808
"127",1399,50235.25,0.0278489701449871,10.8244724273682,0.0000199063415493583,2523580416
"128",1560,14230.25,0.109625622630119,9.56312561035156,0.0000702728357282467,202500016
"129",1560,25616.69921875,0.0608977749943733,10.1510000228882,0.0000390370369132143,656215296
"130",1871,18226.25,0.102654136717319,9.81061840057373,0.0000548659227206372,332196192
"131",4462,31541.75,0.141463294625282,10.3590669631958,0.000031704010325484,994881984
"132",3130,24262.25,0.129006996750832,10.0966768264771,0.0000412162917200476,588656768
"133",1366,17617.19921875,0.07753786444664,9.77663135528564,0.0000567627103009727,310365696
"134",2239,22067.5,0.101461425423622,10.0018615722656,0.0000453155080322176,486974560
"135",3075,43533.5,0.0706352591514587,10.6812858581543,0.0000229708148253849,1895165568
"136",1074,14573.5,0.0736954063177109,9.58695983886719,0.0000686176936142147,212386896
"137",2041,6470.89990234375,0.315412074327469,8.77507019042969,0.000154538007336669,41872544
"138",4940,57499.5,0.0859137922525406,10.9595317840576,0.0000173914559127297,3306192384
"139",2600,8535.2001953125,0.304620862007141,9.05195426940918,0.000117161871457938,72849640
"140",8905,85065.25,0.104684345424175,11.3511743545532,0.0000117556819532183,7236096512
"141",4145,22748.5,0.182209819555283,10.0322542190552,0.0000439589421148412,517494240
"142",1183,10481.25,0.112868219614029,9.25734329223633,0.000095408468041569,109856600
"143",1074,42093.5,0.0255146287381649,10.6476488113403,0.0000237566364376107,1771862784
"144",1957,24435.75,0.0800875797867775,10.1038026809692,0.0000409236454288475,597105856
"145",4810,27975,0.171939238905907,10.2390661239624,0.0000357462013198528,782600640
"146",1422,28347.25,0.050163596868515,10.2522850036621,0.000035276789276395,803566592
"147",5135,32929.25,0.155940383672714,10.4021167755127,0.0000303681372315623,1084335488
"148",2860,20105.55078125,0.142249271273613,9.90875148773193,0.0000497375076520257,404233184
"149",3445,30991.75,0.111158616840839,10.3414764404297,0.0000322666528518312,960488576
"150",4875,22201.900390625,0.219575792551041,10.0079336166382,0.0000450411898782477,492924384
"151",2132,17005,0.125374883413315,9.74126243591309,0.0000588062321185134,289170016
"152",4495,29899.75,0.150335699319839,10.3056049346924,0.0000334450960508548,893995072
"153",2535,16870.75,0.15026006102562,9.73333644866943,0.0000592741889704484,284622208
"154",2600,10790.2001953125,0.240959390997887,9.28639316558838,0.000092676687927451,116428424
"155",5785,38355,0.150827795267105,10.5546398162842,0.000026072220862261,1471106048
"156",1885,10315,0.182743579149246,9.24135398864746,0.000096946198027581,106399224
"157",1118,7781.7001953125,0.143670409917831,8.95952987670898,0.000128506624605507,60554856
"158",2197,16083.75,0.136597499251366,9.68556499481201,0.0000621745566604659,258687008
"159",2457,11787.900390625,0.20843406021595,9.37482929229736,0.0000848327472340316,138954592
"160",3637,20005.400390625,0.181800916790962,9.90375709533691,0.0000499865018355194,400216032
"161",7663,70858.75,0.108144722878933,11.1684436798096,0.0000141125829031807,5020962304
"162",2405,21705.75,0.110800132155418,9.98533248901367,0.0000460707415186334,471139584
"163",2174,11928.5,0.182252585887909,9.38668537139893,0.0000838328342069872,142289120
"164",7230,69815.8984375,0.103558070957661,11.1536169052124,0.000014323384675663,4874259456
"165",2457,6351,0.386868208646774,8.75636768341064,0.000157455520820804,40335200
"166",2290,27216.69921875,0.0841395184397697,10.2115859985352,0.0000367421489499975,740748736
"167",3770,30178.25,0.124924406409264,10.3148765563965,0.0000331364462908823,910726784
"168",1950,10597.25,0.184009999036789,9.26834964752197,0.0000943641061894596,112301704
"169",2353,13715.400390625,0.171558976173401,9.52627468109131,0.0000729107414372265,188112208
"170",1768,13687.2001953125,0.129171773791313,9.5242166519165,0.000073060960858129,187339456
"171",3081,17116.25,0.180004388093948,9.74778366088867,0.0000584240115131252,292966016
"172",3160,27426,0.115219138562679,10.2192468643188,0.0000364617517334409,752185472
"173",3375,56579,0.059651106595993,10.9433927536011,0.0000176744015334407,3201183232
"174",1365,31654.5,0.0431218296289444,10.3626356124878,0.000031591083825333,1002007360
"175",4130,86576.75,0.0477033369243145,11.3687868118286,0.0000115504453788162,7495533568
"176",7969,27051.25,0.294588983058929,10.2054882049561,0.0000369668669009116,731770112
"177",1066,10477.2001953125,0.101744741201401,9.25695705413818,0.0000954453425947577,109771720
"178",1040,11177.9501953125,0.0930403172969818,9.32169818878174,0.0000894618424354121,124946568
"179",4393,49784.75,0.0882398709654808,10.8154640197754,0.0000200864724320127,2478521344
"180",3809,12625.5,0.301691025495529,9.44347381591797,0.0000792047867435031,159403248
"181",8762,44817,0.195506170392036,10.7103424072266,0.0000223129609366879,2008563456
"182",1157,15757.75,0.0734241902828217,9.66508769989014,0.0000634608368272893,248306688
"183",2015,21396,0.0941764786839485,9.97095966339111,0.0000467377067252528,457788800
"184",1612,5590.2001953125,0.288361757993698,8.62877082824707,0.000178884467459284,31250338
"185",2661,40538,0.0656421110033989,10.6099948883057,0.0000246682120632613,1643329408
"186",1300,38834.25,0.0334756039083004,10.5670576095581,0.000025750465283636,1508098944
"187",3731,32693.400390625,0.11412089318037,10.3949289321899,0.0000305872126773465,1068858432
"188",7345,47330,0.155186980962753,10.7648992538452,0.0000211282476811903,2240129024
"189",2509,17823.099609375,0.140772372484207,9.78825092315674,0.0000561069646209944,317662880
"190",7030,92956.5,0.0756267681717873,11.439887046814,0.0000107577197923092,8640911360
"191",6910,44439,0.155494049191475,10.7018728256226,0.0000225027561100433,1974824704
"192",3935,27187.69921875,0.14473457634449,10.2105197906494,0.0000367813408956863,739171008
"193",3445,22972.25,0.149963542819023,10.0420417785645,0.000043530781113077,527724256
"194",5509,40019.5,0.137657895684242,10.5971221923828,0.0000249878175964113,1601560320
"195",2366,33067.30078125,0.0715510472655296,10.4063005447388,0.0000302413554891245,1093446400
"196",3412,24561.900390625,0.138914331793785,10.1089515686035,0.0000407134612032678,603286976
"197",1365,8407.900390625,0.162347301840782,9.03692722320557,0.000118935757200234,70692792
"198",3304,36087.75,0.0915546119213104,10.4937086105347,0.0000277102335530799,1302325760
"199",1456,8822.75,0.165027916431427,9.0850887298584,0.000113343347038608,77840920
"200",793,8022.2001953125,0.0988506898283958,8.98996829986572,0.000124654077808373,64355696
"201",2408,36394.5,0.0661638453602791,10.5021724700928,0.0000274766789516434,1324559616
"202",2280,14522.650390625,0.156996130943298,9.58346462249756,0.0000688579530105926,210907376
"203",3685,49188.25,0.0749162659049034,10.803409576416,0.0000203300587600097,2419483904
"204",3432,19743.80078125,0.173826709389687,9.89059448242188,0.0000506488104292657,389817664
"205",845,17536.400390625,0.0481854863464832,9.77203369140625,0.0000570242445974145,307525344
"206",3036,32455.5,0.0935434699058533,10.3876247406006,0.0000308114176732488,1053359488
"207",4640,38399.75,0.120834119617939,10.5558061599731,0.0000260418364632642,1474540800
"208",2327,6451.2001953125,0.360708087682724,8.77202129364014,0.000155009911395609,41617984
"209",3197,31765.5,0.100643783807755,10.3661365509033,0.0000314806929964107,1009046976
"210",1265,24726.5,0.0511596873402596,10.1156311035156,0.0000404424390580971,611399808
"211",4473,60013.25,0.07453353703022,11.0023202896118,0.0000166629870363977,3601590272
"212",3744,15664,0.23901940882206,9.65912055969238,0.0000638406563666649,245360896
"213",845,17356.19921875,0.0486857742071152,9.76170539855957,0.000057616300182417,301237664
"214",6260,50481.75,0.12400521337986,10.8293676376343,0.0000198091383936116,2548407040
"215",3783,20752.25,0.182293489575386,9.94040966033936,0.0000481875467812642,430655872
"216",7709,28047.5,0.27485516667366,10.2416543960571,0.0000356538002961315,786662272
"217",1885,10932,0.17242956161499,9.2994499206543,0.0000914745687623508,119508624
"218",2869,35336.75,0.0811902657151222,10.4726791381836,0.0000282991495623719,1248685952
"219",2091,18755,0.111490271985531,9.83921527862549,0.0000533191159775015,351750016
"220",2366,6572.25,0.359998464584351,8.79061126708984,0.00015215489838738,43194472
"221",2300,16065.2001953125,0.143166601657867,9.68441104888916,0.000062246348534245,258090656
"222",8073,67257.3984375,0.120031401515007,11.1162824630737,0.0000148682529470534,4523557888
"223",2499,36302.5,0.0688382312655449,10.499641418457,0.0000275463116850005,1317871488
"224",4498,14845.599609375,0.302985399961472,9.60545921325684,0.0000673600297886878,220391824
"225",6171,50467.5,0.122276715934277,10.8290843963623,0.0000198147317860276,2546968576
"226",2860,27236.94921875,0.105004414916039,10.212329864502,0.000036714831367135,741851392
"227",2119,7165.2001953125,0.295734941959381,8.87699127197266,0.000139563446282409,51340092
"228",2148,38067,0.056426826864481,10.5471029281616,0.0000262694720731815,1449096448
"229",1287,22040,0.0583938285708427,10.0006141662598,0.0000453720494988374,485761600
"230",2210,23794,0.092880554497242,10.0771884918213,0.0000420274009229615,566154432
"231",8255,106031.796875,0.0778540074825287,11.571494102478,0.00000943113354878733,11242741760
"232",6045,19303,0.313163757324219,9.86801624298096,0.0000518054184794892,372605824
"233",6564,63933.5,0.102669179439545,11.065598487854,0.000015641251593479,4087492352
"234",1670,16818,0.0992983728647232,9.73020458221436,0.0000594601006014273,282845120
"235",2779,11621,0.239136040210724,9.36056900024414,0.0000860511136124842,135047648
"236",4556,40565.75,0.112311497330666,10.6106796264648,0.0000246513372985646,1645580032
"237",2886,14921,0.19341866672039,9.61052513122559,0.0000670196386636235,222636240
"238",2556,15188.2001953125,0.168288543820381,9.62827396392822,0.0000658405842841603,230681424
"239",457,28087.19921875,0.0162707567214966,10.2430696487427,0.0000356034070136957,788890752
"240",884,21025.75,0.0420436859130859,9.95350360870361,0.00004756073030876,442082176
"241",5270,38907,0.135451197624207,10.5689296722412,0.0000257023166341241,1513754624
"242",2258,39726.75,0.0568382777273655,10.5897798538208,0.0000251719557127217,1578214656
"243",4420,49794,0.0887657180428505,10.8156499862671,0.000020082741684746,2479442432
"244",2994,49112.25,0.0609623864293098,10.8018636703491,0.000020361518181744,2412013056
"245",1339,6885.75,0.194459572434425,8.83720970153809,0.000145227459142916,47413552
"246",3406,31673.5,0.107534691691399,10.3632354736328,0.0000315721335937269,1003210624
"247",3185,25053,0.127130478620529,10.1287488937378,0.0000399153796024621,627652800
"248",2464,23835.25,0.103376299142838,10.0789213180542,0.0000419546668126713,568119168
"249",3055,12159.7998046875,0.251237690448761,9.40589046478271,0.0000822381989564747,147860736
"250",3605,45639.75,0.0789881646633148,10.7285346984863,0.000021910724171903,2082986752
"251",637,7898.2001953125,0.0806512832641602,8.97439002990723,0.00012661112123169,62381568
"252",4892,107065.296875,0.0456917434930801,11.5811939239502,0.00000934009494812926,11462977536
"253",4402,58205.5,0.0756285935640335,10.9717350006104,0.0000171805077116005,3387880192
"254",1833,8270,0.22164449095726,9.02038955688477,0.000120918986795004,68392896
"255",6617,69528.5,0.0951696038246155,11.1494922637939,0.000014382590961759,4834212352
"256",5085,25776,0.197276532649994,10.1571989059448,0.0000387957807106432,664402176
"257",1799,57741.5,0.031156100332737,10.9637317657471,0.0000173185671883402,3334080768
"258",4940,18455.5,0.267670869827271,9.82311725616455,0.0000541843910468742,340605472
"259",2120,53523,0.0396091416478157,10.887866973877,0.0000186835568456445,2864711424
"260",3055,27513.69921875,0.111035592854023,10.2224397659302,0.0000363455292244907,757003648
"261",2275,14088.75,0.161476358771324,9.55313205718994,0.0000709786181687377,198492880
"262",1173,7291,0.160883277654648,8.89439582824707,0.000137155395350419,53158680
"263",767,4727.25,0.16225078701973,8.46109867095947,0.000211539474548772,22346892
"264",2210,7319.2001953125,0.301945567131042,8.89825630187988,0.000136626957100816,53570692
"265",3939,22649.5,0.17391112446785,10.0278930664062,0.0000441510856035165,512999840
"266",2353,8461.7001953125,0.278076499700546,9.04330539703369,0.000118179559649434,71600368
"267",2405,14980,0.160547390580177,9.61447143554688,0.0000667556741973385,224400400
"268",4797,39084.5,0.122734077274799,10.5734815597534,0.0000255855902651092,1527598080
"269",2808,13626.650390625,0.206066787242889,9.51978302001953,0.0000733856068109162,185685600
"270",1404,14997.75,0.0936140418052673,9.61565589904785,0.0000666766645736061,224932512
"271",3084,29686,0.103887356817722,10.2984304428101,0.0000336859120579902,881258624
"272",3850,22750,0.169230774044991,10.032320022583,0.0000439560426457319,517562496
"273",8213,25486.849609375,0.322244614362717,10.1459178924561,0.0000392359215766191,649579520
"274",1775,40127,0.0442345552146435,10.5998048782349,0.0000249208769673714,1610176128
"275",2188,22843.75,0.0957811251282692,10.0364332199097,0.0000437756498286035,521836928
"276",1027,7597,0.135184943675995,8.93550872802734,0.000131630906253122,57714408
"277",2688,19264.75,0.139529451727867,9.86603260040283,0.0000519082786922809,371130592
"278",670,14868.5,0.0450617074966431,9.60700035095215,0.0000672562819090672,221072288
"279",2899,33009.75,0.0878225341439247,10.4045581817627,0.0000302940788969863,1089643648
"280",5525,74958.25,0.0737076997756958,11.2246866226196,0.0000133407593239099,5618739200
"281",8983,30320.099609375,0.296272099018097,10.3195657730103,0.0000329814210999757,919308416
"282",1690,16602.150390625,0.101794041693211,9.71728706359863,0.0000602331601839978,275631392
"283",4456,36375.6484375,0.122499532997608,10.501654624939,0.0000274909180006944,1323187840
"284",4384,16467.19921875,0.266226202249527,9.70912551879883,0.0000607267793384381,271168640
"285",2678,26946,0.0993839502334595,10.2015905380249,0.000037111258279765,726086912
"286",6409,26870,0.238518789410591,10.1987657546997,0.000037216224882286,721996928
"287",4745,33432.5,0.141927763819695,10.4172840118408,0.0000299110142805148,1117732096
"288",2613,61133.5,0.0427425242960453,11.0208148956299,0.0000163576441991609,3737304832
"289",4420,20120.5,0.219676449894905,9.90949440002441,0.0000497005530633032,404834528
"290",4769,58389.25,0.0816759914159775,10.9748868942261,0.0000171264400705695,3409304576
"291",2795,61594,0.0453777983784676,11.0283193588257,0.0000162353480845923,3793820928
"292",3250,24149.5,0.134578362107277,10.0920190811157,0.0000414087262470275,583198336
"293",4524,32593.900390625,0.138798981904984,10.3918800354004,0.0000306805886793882,1062362368
"294",1542,20176.5,0.0764255449175835,9.91227340698242,0.0000495626081828959,407091168
"295",637,3132.89990234375,0.203326001763344,8.04971408843994,0.000319193088216707,9815062
"296",6630,22330,0.296909987926483,10.0136861801147,0.000044782802433474,498628896
"297",1976,16905,0.116888493299484,9.73536491394043,0.0000591540956520475,285779040
"298",5239,25052.75,0.209118753671646,10.1287393569946,0.000039915776142152,627640256
"299",2626,10836.7001953125,0.242324694991112,9.29069423675537,0.0000922790131880902,117434072
"300",1313,20806.5,0.0631052777171135,9.94302082061768,0.0000480619055451825,432910432
"301",2831,6647.2998046875,0.425887227058411,8.80196571350098,0.000150437030242756,44186596
"302",1380,29695.5,0.0464716888964176,10.2987508773804,0.0000336751363647636,881822720
"303",8710,34457,0.252778828144073,10.4474678039551,0.0000290216794383014,1187284864
"304",5044,78286.25,0.0644302144646645,11.2681274414062,0.0000127736348076724,6128736768
"305",2548,21551.25,0.118229798972607,9.97818946838379,0.0000464010190626141,464456384
"306",1865,26533.19921875,0.0702892988920212,10.1861524581909,0.0000376886309823021,704010688
"307",1235,52236.5,0.023642472922802,10.8635368347168,0.0000191437029570807,2728652032
"308",3637,58745.25,0.0619113892316818,10.9809656143188,0.000017022652173182,3451004416
"309",4030,19606.5,0.205544084310532,9.88361644744873,0.0000510034951730631,384414848
"310",4160,25062,0.165988355875015,10.1291084289551,0.0000399010459659621,628103872
"311",5180,23823,0.217436924576759,10.0784063339233,0.0000419762400269974,567535360
"312",4460,108755.796875,0.0410093069076538,11.5968599319458,0.00000919491230888525,11827823616
"313",3835,12066.599609375,0.317819446325302,9.39819622039795,0.0000828733900561929,145602832
"314",5395,28813,0.187241867184639,10.2685823440552,0.0000347065542882774,830188992
"315",416,17803.19921875,0.0233665872365236,9.78713321685791,0.0000561696797376499,316953888
"316",1068,35794.5,0.0298369862139225,10.4855499267578,0.0000279372525255894,1281246208
"317",4693,20859.5,0.224981427192688,9.94556522369385,0.0000479397858725861,435118752
"318",2509,14306.9501953125,0.175369307398796,9.56850051879883,0.0000698961011948995,204688816
"319",3965,11990.5,0.330678462982178,9.39186954498291,0.000083399354480207,143772096
"320",9370,71408.546875,0.131216779351234,11.176173210144,0.0000140039255711599,5099180544
"321",4605,74111,0.0621365234255791,11.2133188247681,0.0000134932733999449,5492440576
"322",2795,25916.25,0.107847392559052,10.1626253128052,0.0000385858293157071,671652032
"323",2329,25914.25,0.0898733288049698,10.1625480651855,0.0000385888088203501,671548352
"324",2132,14091.5,0.151296883821487,9.55332660675049,0.0000709647647454403,198570368
"325",2675,24780,0.107949957251549,10.1177921295166,0.0000403551239287481,614048384
"326",2244,43417.25,0.0516845248639584,10.6786117553711,0.000023032320314087,1885057536
"327",1950,12767.400390625,0.152732729911804,9.45464992523193,0.0000783244831836782,163006512
"328",6268,43918.5,0.142718896269798,10.6900911331177,0.0000227694472414441,1928834688
"329",2965,28204.5,0.105125069618225,10.2472372055054,0.0000354553340002894,795493824
"330",2819,34075,0.082729272544384,10.4363193511963,0.0000293470293399878,1161105664
"331",6110,68172.75,0.0896252542734146,11.1297998428345,0.0000146686179505195,4647523840
"332",4555,28509,0.159774109721184,10.2579755783081,0.000035076642234344,812763072
"333",6836,78760.25,0.0867950543761253,11.2741632461548,0.000012696759768005,6203176960
"334",4341,52328.75,0.0829563066363335,10.8653011322021,0.0000191099534276873,2738298112
"335",3110,31857.75,0.0976214557886124,10.3690357208252,0.0000313895361614414,1014916224
"336",4842,54088,0.0895207822322845,10.8983678817749,0.0000184883901965804,2925511680
"337",1625,6670.2001953125,0.243620872497559,8.80540561676025,0.000149920539115556,44491572
"338",4095,29371,0.139423236250877,10.2877626419067,0.0000340471888193861,862655616
"339",3120,30065.900390625,0.103772044181824,10.311146736145,0.0000332602721755393,903958336
"340",4370,16553.5,0.263992518186569,9.71435260772705,0.0000604101842327509,274018368
"341",910,13865.5,0.0656305253505707,9.53715896606445,0.0000721214528311975,192252096
"342",1239,13805.5,0.0897468402981758,9.53282260894775,0.0000724349010852166,190591824
"343",8840,40503.5,0.218252748250961,10.6091432571411,0.0000246892250288511,1640533504
"344",4498,49841.25,0.0902465358376503,10.8165979385376,0.0000200637023226591,2484150272
"345",4620,19729,0.23417304456234,9.88984489440918,0.000050686805479927,389233440
"346",4030,30881.25,0.13049989938736,10.3379049301147,0.000032382107747253,953651584
"347",3283,35484,0.092520572245121,10.4768371582031,0.000028181715606479,1259114240
"348",2535,11372.7998046875,0.222900256514549,9.33897972106934,0.0000879290964803658,129340576
"349",2089,10624.2998046875,0.196624726057053,9.27089881896973,0.0000941238467930816,112875744
"350",1261,7543.5,0.167163789272308,8.92844200134277,0.000132564455270767,56904392
"351",2447,49465.25,0.0494690723717213,10.8090257644653,0.0000202162118512206,2446810880
"352",2951,12499.2998046875,0.23609322309494,9.43342781066895,0.0000800044799689204,156232496
"353",2964,18315.849609375,0.161827057600021,9.81552219390869,0.0000545975235581864,335470336
"354",5746,27962.75,0.205487653613091,10.2386283874512,0.0000357618628186174,781915392
"355",3991,31601,0.12629346549511,10.3609437942505,0.0000316445693897549,998623232
"356",2697,52242.5,0.05162463337183,10.8636512756348,0.0000191415037988918,2729278720
"357",5137,48926.75,0.104993686079979,10.7980794906616,0.0000204387179110199,2393826816
"358",5040,42338.5,0.119040586054325,10.6534519195557,0.0000236191644944483,1792548608
"359",4531,34707.25,0.130549088120461,10.454704284668,0.0000288124247163069,1204593152
"360",1306,13034,0.100199475884438,9.47531700134277,0.0000767224191804416,169885152
"361",1781,9452,0.188425734639168,9.15398120880127,0.000105797713331413,89340304
"362",6864,69461.25,0.0988176837563515,11.1485242843628,0.0000143965162351378,4824865280
"363",4361,64335.25,0.0677855461835861,11.0718631744385,0.0000155435791384662,4139024384
"364",1365,9963.7001953125,0.136997297406197,9.20670413970947,0.000100364319223445,99275320
"365",1794,8993.25,0.199482947587967,9.10422992706299,0.000111194509372581,80878544
"366",1794,11217.2001953125,0.15993295609951,9.32520389556885,0.0000891488089109771,125825584
"367",8810,116262,0.0757771208882332,11.6636018753052,0.00000860126237967052,13516852224
"368",2405,16693,0.144072368741035,9.72274494171143,0.0000599053491896484,278656256
"369",1131,28621.75,0.0395154021680355,10.2619218826294,0.0000349384645232931,819204544
"370",2080,35250.5,0.059006255120039,10.4702348709106,0.0000283683912130073,1242597760
"371",1143,8587.2998046875,0.133103534579277,9.05803966522217,0.000116451039502863,73741720
"372",2458,28413.5,0.0865081772208214,10.2546195983887,0.0000351945382135455,807326976
"373",3730,15552.150390625,0.2398382127285,9.65195465087891,0.0000642997911199927,241869376
"374",8170,49459.5,0.165185660123825,10.8089094161987,0.00002021856198553,2446242048
"375",4160,57720.5,0.072071447968483,10.9633674621582,0.0000173248663486447,3331656192
"376",1690,16397.5,0.103064492344856,9.70488452911377,0.0000609849048487376,268878016
"377",3250,20597.150390625,0.157788813114166,9.9329080581665,0.0000485504060634412,424242592
"378",3525,28591.75,0.123287312686443,10.2608737945557,0.0000349751244357321,817488192
"379",2212,13795,0.160347953438759,9.53206157684326,0.0000724900310160592,190302032
"380",3910,19533.900390625,0.200164839625359,9.87990665435791,0.0000511930520588066,381573280
"381",5890,37064.75,0.158911094069481,10.5204219818115,0.0000269798129011178,1373795712
"382",4590,22847.19921875,0.20089989900589,10.0365839004517,0.000043769039621111,521994528
"383",3419,10679,0.320161074399948,9.27603435516357,0.0000936417272896506,114041040
"384",2600,37552.1484375,0.0692370533943176,10.5334854125977,0.0000266296356130624,1410163840
"385",5205,63611,0.0818254724144936,11.0605421066284,0.0000157205522555159,4046359296
"386",2405,12023.400390625,0.200026601552963,9.39461040496826,0.0000831711440696381,144562160
"387",2298,19658.75,0.116894513368607,9.88627815246582,0.0000508679331687745,386466464
"388",3965,16040.25,0.247190654277802,9.68285655975342,0.000062343169702217,257289616
"389",5325,63519,0.0838331803679466,11.0590944290161,0.0000157433205458801,4034663424
"390",2710,56896.75,0.04763013869524,10.9489936828613,0.0000175756958924467,3237240064
"391",4804,55381,0.0867445543408394,10.9219923019409,0.000018056734916172,3067055104
"392",4457,44055.25,0.101168416440487,10.6932001113892,0.0000226987704081694,1940865024
"393",7670,65130.25,0.117764018476009,11.0841445922852,0.0000153538494487293,4241949440
"394",1391,8250.650390625,0.168592765927315,9.01804733276367,0.000121202567243017,68073232
"395",1599,4857.2001953125,0.329201996326447,8.4882173538208,0.00020587992912624,23592394
"396",4589,6225,0.737188756465912,8.73632907867432,0.000160642564878799,38750624
"397",5716,74197.25,0.0770378932356834,11.2144823074341,0.0000134775882543181,5505231872
"398",3510,20986,0.167254358530045,9.95161056518555,0.0000476508139399812,440412192
"399",4785,47412,0.10092381387949,10.7666301727295,0.0000210917060030624,2247897856
"400",3900,35013.6015625,0.11138528585434,10.4634914398193,0.00002856032915588,1225952256
"401",3926,39262.75,0.099992997944355,10.578031539917,0.0000254694332397776,1541563520
"402",1560,19486,0.0800574794411659,9.87745189666748,0.0000513188970217016,379704192
"403",1775,22648,0.0783733651041985,10.0278272628784,0.0000441540105384775,512931904
"404",2795,7826,0.357142865657806,8.96520709991455,0.000127779203467071,61246276
"405",7645,52697.44921875,0.145073428750038,10.8723220825195,0.0000189762504305691,2777021184
"406",1365,9195.900390625,0.148435711860657,9.12651348114014,0.000108744112367276,84564584
"407",2496,31890,0.0782690495252609,10.3700475692749,0.0000313577911583707,1016972096
"408",2756,8835.7001953125,0.311916410923004,9.08655548095703,0.000113177222374361,78069600
"409",8325,62722.5,0.132727488875389,11.0464754104614,0.000015943242033245,3934112000
"410",2548,60813.5,0.0418985933065414,11.0155668258667,0.0000164437169587472,3698281728
"411",3445,42017.75,0.081989161670208,10.6458473205566,0.0000237994663621066,1765491328
"412",3900,20671.25,0.188667833805084,9.93649959564209,0.0000483763687952887,427300576
"413",1560,7444.2001953125,0.209559112787247,8.91519069671631,0.000134332760353573,55416116
"414",1950,21584.19921875,0.0903438627719879,9.97971725463867,0.00004633018761524,465877664
"415",2002,13213.2001953125,0.151515156030655,9.48897171020508,0.0000756818917579949,174588656
"416",4355,23959,0.181768849492073,10.0840997695923,0.0000417379706050269,574033664
"417",2080,16394,0.126875683665276,9.70467090606689,0.0000609979251748882,268763232
"418",2288,21741.75,0.105235315859318,9.98698997497559,0.0000459944567410275,472703680
"419",7007,71587,0.0978808999061584,11.1786689758301,0.0000139690164360218,5124698624
"420",3445,16865.80078125,0.204259499907494,9.7330436706543,0.0000592915821471252,284455232
"421",3899,63788,0.0611243508756161,11.0633201599121,0.0000156769292516401,4068909056
"422",2444,39375.25,0.062069445848465,10.5808925628662,0.0000253966645686887,1550410368
"423",3746,37087.3984375,0.101004660129547,10.521032333374,0.0000269633364951005,1375475072
"424",4212,9370,0.449519753456116,9.14526844024658,0.000106723586213775,87796896
"425",2600,37439.75,0.0694449096918106,10.5304880142212,0.0000267095801973483,1401734912
"426",4745,10665.5,0.444892406463623,9.27476978302002,0.0000937602526391856,113752888
"427",5310,60303.75,0.0880542248487473,11.0071496963501,0.0000165827168530086,3636542208
"428",4745,34390.75,0.137973144650459,10.4455432891846,0.0000290775860776193,1182723712
"429",6395,55987.75,0.114221416413784,10.9328880310059,0.0000178610498551279,3134628096
"430",2704,9921,0.27255317568779,9.20240879058838,0.000100796292826999,98426240
"431",312,11709.4501953125,0.0266451444476843,9.36815166473389,0.0000854011086630635,137111216
"432",7344,69197.5,0.106131002306938,11.1447200775146,0.0000144513887789799,4788294144
"433",11114,49491.1484375,0.224565416574478,10.809549331665,0.0000202056326088496,2449373696
"434",4566,39201.1484375,0.11647617816925,10.5764617919922,0.0000255094564636238,1536729984
"435",3068,10065,0.304818689823151,9.21681976318359,0.0000993541980278678,101304224
"436",4442,32062.75,0.138540834188461,10.3754501342773,0.0000311888397845905,1028019968
"437",2080,10380,0.200385361909866,9.24763584136963,0.0000963391139521264,107744400
"438",6110,18818.400390625,0.324682205915451,9.84259033203125,0.0000531394798599649,354132192
"439",4835,35576,0.135906234383583,10.4794263839722,0.0000281088377960259,1265651712
"440",810,15694.75,0.0516096130013466,9.66108131408691,0.0000637155753793195,246325184
"441",1687,30335.599609375,0.0556112304329872,10.3200769424438,0.0000329645699821413,920248576
"442",5801,74992.75,0.0773541405797005,11.2251462936401,0.0000133346220536623,5623912448
"443",4485,48088.94921875,0.0932646691799164,10.7808074951172,0.0000207947978196898,2312547072
"444",2413,24255.44921875,0.0994827970862389,10.096396446228,0.0000412278495787177,588326848
"445",7225,56062.75,0.128873452544212,10.9342269897461,0.000017837155610323,3143032064
"446",3159,11931.5,0.264761358499527,9.38693714141846,0.0000838117557577789,142360688
"447",2015,23250.5,0.0866648033261299,10.0540819168091,0.0000430098261858802,540585728
"448",1521,9537.2001953125,0.159480765461922,9.16295528411865,0.000104852573713288,90958184
"449",1820,7757.2001953125,0.234620735049248,8.95637702941895,0.000128912492073141,60174156
"450",3328,67473,0.0493234321475029,11.1194829940796,0.0000148207427628222,4552605696
"451",2444,44948.5,0.0543733388185501,10.7132730484009,0.0000222476828639628,2020367616
"452",3445,11842,0.290913701057434,9.37940788269043,0.0000844451933517121,140232960
"453",2054,12680.7001953125,0.16197843849659,9.44783687591553,0.0000788600009400398,160800160
"454",5826,36155.69921875,0.161136418581009,10.4955902099609,0.0000276581577054458,1307234560
"455",5108,71957.25,0.0709865912795067,11.1838274002075,0.0000138971399792354,5177845760
"456",1583,37575.5,0.0421285144984722,10.534107208252,0.000026613086447469,1411918208
"457",4355,36119.75,0.120571158826351,10.4945955276489,0.0000276856844720896,1304636288
"458",8343,53232.25,0.156728297472,10.8824195861816,0.0000187856039701728,2833672448
"459",3211,6742.75,0.476215183734894,8.81622314453125,0.000148307444760576,45464676
"460",4497,36141.5,0.12442759424448,10.4951972961426,0.0000276690225291532,1306208000
"461",11584,62565.3984375,0.185150265693665,11.0439672470093,0.0000159832761710277,3914429184
"462",5805,49525,0.117213524878025,10.8102331161499,0.0000201918228412978,2452725504
"463",5759,33160.8984375,0.173668399453163,10.4091262817383,0.0000301559975923738,1099645184
"464",1650,28271.75,0.0583621449768543,10.2496185302734,0.0000353709983755834,799291840
"465",2020,24178.69921875,0.0835446119308472,10.0932273864746,0.0000413587185903452,584609472
"466",3933,15227.2001953125,0.258287787437439,9.63083839416504,0.000065671956690494,231867632
"467",6344,46151,0.137461811304092,10.739673614502,0.000021668003682862,2129914752
"468",2011,32764.25,0.0613778755068779,10.3970928192139,0.0000305210705846548,1073496064
"469",4586,32373.75,0.14165797829628,10.385103225708,0.0000308892231259961,1048059712
"470",3593,22461.75,0.159960821270943,10.0195693969727,0.0000445201294496655,504530208
"471",3575,9593,0.372667580842972,9.16878890991211,0.000104242673842236,92025648
"472",3055,9442.4501953125,0.323538899421692,9.15297031402588,0.000105904713564087,89159864
"473",7144,13202,0.541130125522614,9.48812389373779,0.0000757461020839401,174292800
"474",4030,24634.25,0.163593366742134,10.1118927001953,0.0000405938881158363,606846272
"475",2928,35283.5,0.0829849615693092,10.471170425415,0.0000283418594335672,1244925312
"476",5655,44800,0.126227676868439,10.7099637985229,0.0000223214283323614,2007040000
"477",2093,11043.900390625,0.189516380429268,9.30963325500488,0.0000905477209016681,121967736
"478",4953,45654.5,0.108488760888577,10.7288570404053,0.0000219036464841338,2084333312
"479",2379,5501.89990234375,0.432396084070206,8.61284828186035,0.000181755400262773,30270902
"480",4134,18123.5,0.228101640939713,9.80496501922607,0.0000551769808225799,328461248
"481",2015,18007,0.111900925636292,9.79851627349854,0.0000555339574930258,324252064
"482",5135,39302.75,0.130652442574501,10.5790500640869,0.000025443512640777,1544706176
"483",1859,14012.25,0.132669627666473,9.54768753051758,0.0000713661283953115,196343152
"484",3865,26558.05078125,0.145530253648758,10.1870880126953,0.0000376533644157462,705330048
"485",2470,10926.400390625,0.226057976484299,9.29893684387207,0.000091521447757259,119386224
"486",2753,25389.19921875,0.108431935310364,10.1420793533325,0.0000393868285755161,644611456
"487",3187,16446.900390625,0.193775117397308,9.70789241790771,0.0000608017289778218,270500544
"488",2249,8720.2001953125,0.257906913757324,9.07339763641357,0.000114676266093738,76041888
"489",2080,12976.5,0.160289749503136,9.47089576721191,0.0000770623810240068,168389552
"490",1690,12941.75,0.130585119128227,9.46821403503418,0.0000772693019825965,167488896
"491",4603,25020,0.18397282063961,10.1274309158325,0.0000399680247937795,626000384
"492",1514,6430.2001953125,0.235451459884644,8.76876068115234,0.000155516157974489,41347476
"493",3808,18918.5,0.20128445327282,9.84789562225342,0.00005285831502988,357909632
"494",1385,24916.25,0.055586215108633,10.1232757568359,0.0000401344514102675,620819520
"495",3458,55667.19921875,0.0621191672980785,10.9271459579468,0.0000179638991539832,3098836992
"496",4345,51081.25,0.0850605666637421,10.8411731719971,0.0000195766551769339,2609294080
"497",4052,99833.75,0.0405874773859978,11.5112619400024,0.0000100166525953682,9966777344
"498",8912,31840,0.279899507761002,10.3684787750244,0.0000314070348395035,1013785600
"499",5979,147498.296875,0.0405360609292984,11.901572227478,0.00000677973912388552,21755748352
"500",2979,27912.75,0.106725424528122,10.2368392944336,0.0000358259203494526,779121600
"501",2349,40044.25,0.0586601085960865,10.5977401733398,0.0000249723743763752,1603542016
"502",3484,24278.150390625,0.14350351691246,10.0973320007324,0.000041189297917299,589428608
"503",995,41614.25,0.023910079151392,10.6361980438232,0.0000240302306337981,1731745792
"504",4264,50037.5,0.0852160900831223,10.8205280303955,0.0000199850110220723,2503751424
"505",4684,54306.75,0.0862507894635201,10.9024038314819,0.0000184139171324205,2949223168
"506",4436,27598,0.160736292600632,10.2254981994629,0.0000362345090252347,761649600
"507",2119,18022.25,0.117576882243156,9.79936218261719,0.0000554869657207746,324801504
"508",5935,34788.75,0.17060112953186,10.457049369812,0.0000287449238385307,1210257152
"509",2730,24502.80078125,0.111415833234787,10.1065425872803,0.0000408116611652076,600387264
"510",5900,51856.25,0.113776065409184,10.8562307357788,0.0000192840780073311,2689070592
"511",1833,12160.2001953125,0.150737643241882,9.40592384338379,0.0000822354850242846,147870464
"512",1690,19106.75,0.0884504169225693,9.85779666900635,0.0000523375238117296,365067904
"513",3415,40844.5,0.0836097896099091,10.6175270080566,0.0000244831007876201,1668273152
"514",2301,46170.75,0.0498367473483086,10.74010181427,0.0000216587341128616,2131738112
"515",3835,66460.3984375,0.057703536003828,11.1043615341187,0.0000150465548358625,4416984576
"516",2665,22241.25,0.119822405278683,10.0097036361694,0.0000449614999524783,494673216
"517",1052,15245,0.0690062344074249,9.63200664520264,0.0000655952753731981,232410032
"518",3510,10925.2998046875,0.321272641420364,9.29883670806885,0.0000915306663955562,119362176
"519",2214,17671.400390625,0.125287190079689,9.77970314025879,0.0000565886111871805,312278400
"520",650,5666.2001953125,0.114715322852135,8.64227390289307,0.0001764851185726,32105824
"521",2236,25304.900390625,0.0883623287081718,10.1387529373169,0.0000395180359191727,640337984
"522",1820,9394,0.193740680813789,9.14782619476318,0.000106450926978141,88247232
"523",2353,20356.94921875,0.115587063133717,9.92117786407471,0.0000491232749482151,414405376
"524",6045,32948,0.183470919728279,10.4026861190796,0.0000303508550132392,1085570688
"525",793,7942.4501953125,0.0998432412743568,8.97997665405273,0.00012590573169291,63082516
"526",1443,14554.900390625,0.0991418659687042,9.58568286895752,0.0000687053834553808,211845120
"527",5236,24012.25,0.218055367469788,10.0863189697266,0.0000416454095102381,576588160
"528",3200,25235.25,0.126806750893593,10.1359968185425,0.0000396271097997669,636817856
"529",1768,17291.94921875,0.102244108915329,9.75799655914307,0.0000578303806832992,299011520
"530",2714,81645.75,0.0332411676645279,11.3101453781128,0.0000122480350910337,6666028544
"531",3765,46737.3984375,0.0805564746260643,10.7523002624512,0.0000213961411645869,2184384512
"532",1950,15011.9501953125,0.129896506667137,9.61660194396973,0.0000666135965730064,225358656
"533",5565,49860.5,0.111611396074295,10.8169841766357,0.0000200559552467894,2486069504
"534",2539,10012,0.253595679998398,9.21153926849365,0.0000998801406240091,100240144
"535",2739,15075.5,0.181685522198677,9.62082576751709,0.0000663327882648446,227270704
"536",3185,7693,0.414012730121613,8.94806575775146,0.000129988300614059,59182248
"537",3259,18512.5,0.176043212413788,9.82620143890381,0.0000540175569767598,342712672
"538",5066,46292.75,0.109433986246586,10.7427406311035,0.0000216016542253783,2143018752
"539",5109,50769.5,0.100631281733513,10.8350505828857,0.0000196968649106566,2577542144
"540",2205,36122.25,0.061042707413435,10.4946641921997,0.0000276837690762477,1304816896
"541",3133,25598.150390625,0.122391656041145,10.1502752304077,0.0000390653221984394,655265280
"542",1454,8632.75,0.168428361415863,9.06331825256348,0.000115837945486419,74524376
"543",2350,15567.5,0.150955513119698,9.65294075012207,0.0000642363884253427,242347056
"544",3965,16954,0.233868107199669,9.73825931549072,0.0000589831324759871,287438112
"545",6013,47035.94921875,0.127838388085365,10.7586669921875,0.0000212603335967287,2212380416
"546",1664,38076.1484375,0.0437018983066082,10.5473432540894,0.0000262631601799512,1449793024
"547",3034,18458.400390625,0.164369612932205,9.82327461242676,0.0000541758745384868,340712544
"548",1795,8092.2001953125,0.221818536520004,8.99865627288818,0.000123575780889951,65483704
"549",1622,38576.25,0.042046595364809,10.5603923797607,0.0000259226853813743,1488127104
"550",2355,28692,0.0820786282420158,10.2643737792969,0.0000348529210896231,823230848
"551",1163,27210.5,0.0427408553659916,10.2113580703735,0.0000367505199392326,740411328
"552",2142,37484.75,0.0571432374417782,10.5316896438599,0.0000266775150521426,1405106432
"553",3518,15161.75,0.232031255960464,9.62653064727783,0.0000659554498270154,229878656
"554",3445,32967.75,0.10449606180191,10.4032850265503,0.0000303326742141508,1086872576
"555",4185,55021.25,0.076061524450779,10.9154748916626,0.0000181747964234091,3027337984
"556",1478,7059.7001953125,0.209357336163521,8.86215782165527,0.000141649070428684,49839368
"557",1157,16714.25,0.0692223682999611,9.72401714324951,0.0000598291881033219,279366144
"558",8200,34580.75,0.237126141786575,10.4510526657104,0.0000289178224193165,1195828224
"559",2015,14939.2001953125,0.134880051016808,9.61174392700195,0.0000669379878672771,223179696
"560",1573,27056.400390625,0.0581378154456615,10.2056789398193,0.0000369598310498986,732048832
"561",4719,15089.75,0.312728852033615,9.62177085876465,0.0000662701495457441,227700560
"562",4681,56905,0.0822599083185196,10.9491386413574,0.0000175731474882923,3238179072
"563",4862,29527.75,0.164658665657043,10.2930860519409,0.0000338664467562921,871888000
"564",2735,21281.75,0.128513872623444,9.96560478210449,0.0000469886181235779,452912896
"565",7220,39487,0.18284498155117,10.5837268829346,0.0000253247908403864,1559223168
"566",5590,24239.19921875,0.230618178844452,10.0957260131836,0.0000412554873037152,587538752
"567",4005,35465.94921875,0.112925216555595,10.4763278961182,0.0000281960583379259,1257833600
"568",5156,21981.75,0.234558209776878,9.99796772003174,0.0000454922846984118,483197344
"569",1814,10334.2001953125,0.175533667206764,9.24321365356445,0.0000967660744208843,106795696
"570",1950,15132.5,0.128861725330353,9.62460041046143,0.0000660829318803735,228992560
"571",7319,41591,0.175975576043129,10.6356391906738,0.0000240436638705432,1729811328
"572",2340,23260.25,0.100600808858871,10.0545015335083,0.0000429918000008911,541039232
"573",1690,12882,0.131190806627274,9.46358585357666,0.000077627701102756,165945920
"574",5720,32149,0.177921548485756,10.3781366348267,0.0000311051662720274,1033558208
"575",5116,16219.400390625,0.315424740314484,9.69396305084229,0.0000616545585216954,263068944
"576",3627,41605.25,0.087176501750946,10.6359815597534,0.000024035427486524,1730996864
"577",1209,8346.2001953125,0.144856333732605,9.02956199645996,0.000119815005746204,69659056
"578",1729,8549,0.202245876193047,9.05356979370117,0.000116972747491673,73085400
"579",4385,23818.25,0.184102520346642,10.0782070159912,0.0000419846110162325,567309056
"580",6725,36216.75,0.185687556862831,10.4972772598267,0.0000276115333690541,1311652992
"581",3664,42765.5,0.0856765359640121,10.6634874343872,0.000023383334337268,1828887936
"582",1573,11238.900390625,0.139960318803787,9.32713603973389,0.0000889766743057407,126312880
"583",5439,59531.6015625,0.0913632363080978,10.9942626953125,0.0000167978014360415,3544011520
"584",3490,31806,0.10972772538662,10.36741065979,0.0000314406097459141,1011621632
"585",5477,52217.75,0.104887709021568,10.8631772994995,0.0000191505769180367,2726693376
"586",5960,73117.8984375,0.0815121904015541,11.1998281478882,0.0000136765420393203,5346227200
"587",3515,31701,0.11087978631258,10.3641033172607,0.0000315447468892671,1004953408
"588",1856,32760.5,0.0566535927355289,10.3969783782959,0.0000305245630443096,1073250368
"589",2878,18744.650390625,0.153537139296532,9.83866405487061,0.0000533485545020085,351361920
"590",2737,17948.5,0.152491852641106,9.79526138305664,0.0000557149614905939,322148640
"591",4316,8016.5,0.538389563560486,8.98925685882568,0.000124742713524029,64264272
"592",3172,12833,0.247175246477127,9.4597749710083,0.000077924101788085,164685888
"593",2509,25582.80078125,0.0980737060308456,10.1496753692627,0.0000390887616958935,654479680
"594",2961,36467.5,0.0811955854296684,10.5041770935059,0.000027421676350059,1329878528
"595",2860,8706.2001953125,0.328501522541046,9.07179069519043,0.000114860667963512,75797920
"596",8588,94586.5,0.0907951965928078,11.4572696685791,0.0000105723329397733,8946606080
"597",2804,42899.5,0.0653620660305023,10.666615486145,0.000023310294636758,1840367104
"598",7410,74297.6484375,0.099733978509903,11.2158346176147,0.0000134593765324098,5520140800
"599",3965,17201,0.230509847402573,9.75272274017334,0.000058136156440014,295874400
"600",3499,25618,0.136583656072617,10.151050567627,0.0000390350542147644,656281920
"601",2925,14887.900390625,0.196468263864517,9.60830402374268,0.0000671686357236467,221649584
"602",4082,16308,0.250306606292725,9.69941139221191,0.0000613195952610113,265950864
"603",15053,75042.75,0.200592324137688,11.2258129119873,0.0000133257381094154,5631414272
"604",2854,68056,0.0419360511004925,11.1280860900879,0.0000146937818499282,4631619072
"605",7510,50796.75,0.147844105958939,10.8355875015259,0.0000196862984012114,2580309760
"606",4562,15956.400390625,0.285904079675674,9.67761516571045,0.0000626707769697532,254606720
"607",2808,13820,0.20318378508091,9.5338716506958,0.0000723589037079364,190992400
"608",2682,13985.2001953125,0.191774159669876,9.54575538635254,0.0000715041605872102,195585824
"609",4100,22742.25,0.180281192064285,10.0319795608521,0.0000439710238424595,517209920
"610",3732,17691.75,0.210945785045624,9.78085327148438,0.000056523520470364,312998016
"611",1582,30214,0.0523598343133926,10.3160610198975,0.0000330972397932783,912885824
"612",6675,57581.75,0.115922145545483,10.9609613418579,0.0000173666139744455,3315657984
"613",1521,17272.69921875,0.0880580395460129,9.7568826675415,0.0000578948311158456,298346144
"614",5496,31885.19921875,0.172368377447128,10.3698968887329,0.0000313625132548623,1016665920
"615",2340,14307,0.163556307554245,9.56850433349609,0.0000698958538123406,204690256
"616",2365,22597,0.104659907519817,10.0255727767944,0.0000442536620539613,510624416
"617",3628,46388.75,0.0782086178660393,10.7448120117188,0.0000215569507417968,2151916032
"618",1846,23365.5,0.0790053680539131,10.0590162277222,0.000042798143113032,545946560
"619",3094,35127.8984375,0.0880781412124634,10.4667510986328,0.0000284674024442211,1233969280
"620",5903,51768.5,0.114026866853237,10.8545370101929,0.0000193167652469128,2679977472
"621",1594,9251.2001953125,0.172301962971687,9.13250827789307,0.000108094085589983,85584704
"622",5509,35662.5,0.15447598695755,10.4818553924561,0.0000280406584352022,1271813888
"623",2353,34473.75,0.068254828453064,10.4479532241821,0.0000290075786324451,1188439424
"624",2157,18748.099609375,0.115051664412022,9.83884811401367,0.0000533387392351869,351491232
"625",1664,60090.5,0.0276915654540062,11.0036067962646,0.0000166415647981921,3610868224
"626",1898,31137,0.0609564185142517,10.346152305603,0.0000321161314786877,969512768
"627",3640,14366.099609375,0.25337427854538,9.5726261138916,0.0000696083152433857,206384816
"628",4511,25346.69921875,0.177971884608269,10.1404037475586,0.0000394528688048013,642455168
"629",3650,32174.75,0.113442994654179,10.3789377212524,0.0000310802715830505,1035214528
"630",1222,16064.75,0.0760671645402908,9.68438243865967,0.0000622480874881148,258076192
"631",2171,16672,0.130218327045441,9.72148609161377,0.0000599808045080863,277955584
"632",5621,45191.75,0.124381110072136,10.7186698913574,0.0000221279333345592,2042294272
"633",3940,42039.19921875,0.0937220528721809,10.6463575363159,0.0000237873227888485,1767294208
"634",2805,19664.650390625,0.142641738057137,9.88657760620117,0.0000508526718476787,386698464
"635",4368,24932.5,0.175193026661873,10.123927116394,0.0000401082907046657,621629568
"636",4308,29570.25,0.145686969161034,10.2945241928101,0.0000338177742378321,874399680
"637",5304,23399.75,0.22666908800602,10.0604810714722,0.0000427355007559527,547548288
"638",1261,13517.25,0.0932882055640221,9.51172161102295,0.000073979543230962,182716048
"639",2600,23993.25,0.108363807201385,10.0855274200439,0.0000416783877881244,575676032
"640",1248,18140.25,0.0687972903251648,9.80588817596436,0.0000551260309293866,329068672
"641",1430,9545.2001953125,0.149813517928123,9.16379356384277,0.000104764694697224,91110848
"642",1742,16041.5,0.108593337237835,9.68293476104736,0.0000623383093625307,257329728
"643",4745,24424.80078125,0.194269746541977,10.1033544540405,0.0000409419917559717,596570880
"644",2231,28400.25,0.0785556435585022,10.2541532516479,0.0000352109564119019,806574208
"645",4290,25034.75,0.171361804008484,10.1280202865601,0.0000399444761569612,626738688
"646",2217,28316.19921875,0.0782944038510323,10.2511892318726,0.0000353154755430296,801807168
"647",6435,19001.25,0.338661938905716,9.85225963592529,0.0000526281182828825,361047488
"648",946,27203.25,0.0347752571105957,10.2110919952393,0.0000367603133781813,740016832
"649",1027,8016.25,0.128114759922028,8.98922634124756,0.00012474661343731,64260264
"650",1900,15198.5,0.125012338161469,9.62895202636719,0.0000657959681120701,230994400
"651",1365,14068.75,0.0970235466957092,9.5517110824585,0.0000710795211489312,197929728
"652",1690,12037,0.140400424599648,9.3957405090332,0.0000830771750770509,144889376
"653",3185,30454.75,0.104581385850906,10.3239974975586,0.000032835599995451,927491776
"654",2093,13876.900390625,0.150826185941696,9.5379810333252,0.0000720622047083452,192568368
"655",3380,10696.2001953125,0.316000074148178,9.27764415740967,0.0000934911440708674,114408696
"656",4628,11010,0.42034512758255,9.30655956268311,0.0000908265210455284,121220096
"657",5850,41383.5,0.141360685229301,10.6306371688843,0.0000241642192122526,1712594048
"658",5888,37240.75,0.158106371760368,10.5251588821411,0.0000268523053819081,1386873472
"659",4288,38327.5,0.111877895891666,10.5539226531982,0.0000260909273492871,1468997248
"660",2585,54433.75,0.0474889203906059,10.9047393798828,0.0000183709562406875,2963033088
"661",1518,27174.19921875,0.0558618120849133,10.2100229263306,0.0000367996108252555,738437120
"662",1417,14015.4501953125,0.101102709770203,9.5479154586792,0.0000713498302502558,196432848
"663",2847,27353.5,0.104081742465496,10.2165994644165,0.0000365583946404513,748213952
"664",2046,12944.2001953125,0.158063068985939,9.46840286254883,0.000077254677307792,167552320
"665",4940,19718.25,0.250529319047928,9.88930034637451,0.0000507144395669457,388809376
"666",3690,21557.5,0.171170130372047,9.97847938537598,0.0000463875694549643,464725792
"667",2730,22239,0.122757315635681,10.0096025466919,0.000044966051063966,494573120
"668",4134,31075.75,0.133029773831367,10.3441829681396,0.0000321794323099311,965702208
"669",2585,32940,0.0784760192036629,10.4024429321289,0.0000303582273772918,1085043584
"670",3033,17809.650390625,0.170300930738449,9.78749561309814,0.0000561493325221818,317183648
"671",1658,13462,0.123161494731903,9.5076265335083,0.0000742831689422019,181225440
"672",3660,16122.25,0.227015465497971,9.68795585632324,0.0000620260834693909,259926944
"673",1951,20417.25,0.095556452870369,9.92413520812988,0.0000489781923533883,416864096
"674",5967,36204.5,0.16481377184391,10.4969387054443,0.0000276208756986307,1310765824
"675",1281,9871.25,0.129770800471306,9.1973819732666,0.000101304292911664,97441576
"676",2119,11891.75,0.178190767765045,9.38360023498535,0.0000840919092297554,141413712
"677",3438,50736.75,0.0677615329623222,10.8344058990479,0.0000197095796465874,2574217728
"678",3029,32511.19921875,0.0931678935885429,10.3893394470215,0.0000307586306007579,1056978048
"679",2145,29766.5,0.0720608755946159,10.3011388778687,0.0000335948134306818,886044544
"680",3943,17032.30078125,0.231501311063766,9.74286651611328,0.0000587119757256005,290099264
"681",4011,40275.75,0.0995884612202644,10.6035051345825,0.000024828836103552,1622136064
"682",2816,24004.900390625,0.117309384047985,10.086012840271,0.000041658160625957,576235264
"683",4160,33884.25,0.12277090549469,10.4307060241699,0.0000295122372335754,1148142336
"684",4095,16278,0.251566529273987,9.69756984710693,0.0000614326054346748,264973280
"685",2236,11325.5,0.197430580854416,9.33481216430664,0.0000882963213371113,128266952
"686",1683,7187.2001953125,0.234166294336319,8.8800573348999,0.000139136231155135,51655848
"687",8178,50433.5,0.162154123187065,10.8284111022949,0.0000198280904442072,2543537920
"688",6209,70435.5,0.0881515741348267,11.1624526977539,0.0000141973860081634,4961159680
"689",2127,38352.5,0.0554592274129391,10.5545749664307,0.0000260739197983639,1470914304
"690",4545,27723.150390625,0.163942411541939,10.2300233840942,0.0000360709382221103,768573056
"691",4550,32810.5,0.13867512345314,10.3985042572021,0.0000304780478472821,1076528896
"692",3224,14833.2001953125,0.217350259423256,9.60462284088135,0.000067416338424664,220023824
"693",5330,28464.5,0.187250792980194,10.2564125061035,0.0000351314811268821,810227776
"694",4709,83157.5,0.056627482175827,11.3284912109375,0.0000120253735076403,6915169792
"695",2771,18866.44921875,0.146874487400055,9.84514045715332,0.0000530041434103623,355942912
"696",2535,21823.25,0.116160519421101,9.99073123931885,0.0000458226895716507,476254240
"697",7085,39124.75,0.181087419390678,10.5745105743408,0.0000255592694884399,1530746112
"698",4599,45372.25,0.101361513137817,10.72265625,0.0000220399033423746,2058641024
"699",5265,33933,0.155158698558807,10.4321432113647,0.0000294698384095682,1151448448
"700",1326,29468.75,0.0449968203902245,10.2910852432251,0.0000339342514052987,868407232
"701",9523,79147,0.120320416986942,11.2790622711182,0.0000126347176774289,6264247808
"702",3649,24190,0.150847464799881,10.0936946868896,0.0000413393972849008,585156096
"703",1772,37006.75,0.0478831566870213,10.518856048584,0.0000270220971287927,1369499520
"704",1066,4259.14990234375,0.25028470158577,8.35682487487793,0.000234788632951677,18140358
"705",3045,41346.25,0.0736463367938995,10.6297369003296,0.0000241859906964237,1709512448
"706",6695,25087.400390625,0.26686704158783,10.1301212310791,0.0000398606462113094,629377664
"707",2275,27216.25,0.0835897698998451,10.2115697860718,0.0000367427564924583,740724288
"708",3755,32779.5,0.114553302526474,10.3975582122803,0.0000305068715533707,1074495616
"709",3406,21189.75,0.160738095641136,9.96127319335938,0.000047192628699122,449005504
"710",3150,29067,0.108370319008827,10.2773590087891,0.0000344032741850242,844890496
"711",3510,11316.099609375,0.310177534818649,9.33398151397705,0.0000883696702658199,128054112
"712",5648,36103.19921875,0.156440436840057,10.4941368103027,0.0000276983755611582,1303441024
"713",3071,15389,0.19955812394619,9.64140796661377,0.0000649814828648232,236821328
"714",910,27257.25,0.0333856120705605,10.2130746841431,0.0000366874883184209,742957696
"715",3484,26050.5,0.133740231394768,10.1677923202515,0.0000383869773941115,678628544
"716",2847,22852.75,0.124580189585686,10.0368270874023,0.0000437584094470367,522248192
"717",2015,10551,0.190977156162262,9.26397609710693,0.0000947777443798259,111323600
"718",1495,6660.7001953125,0.224450871348381,8.80397987365723,0.000150134364957921,44364928
"719",3380,15878,0.212873160839081,9.67268943786621,0.0000629802234470844,252110880
"720",6240,17131.25,0.364246636629105,9.74865913391113,0.0000583728578931186,293479712
"721",2017,18219.5,0.110705561935902,9.81024742126465,0.0000548862481082324,331950176
"722",2340,12045.400390625,0.194265022873878,9.39643859863281,0.0000830192439025268,145091664
"723",2288,10572.900390625,0.216402307152748,9.2660493850708,0.00009458142449148,111786224
"724",4066,34645,0.117361813783646,10.4529085159302,0.0000288641931547318,1200275968
"725",2809,19516.650390625,0.143928393721581,9.87902355194092,0.0000512383012392092,380899648
"726",5105,13932.599609375,0.366406857967377,9.5419864654541,0.0000717741131666116,194117328
"727",3289,14451.7001953125,0.227585673332214,9.57856750488281,0.0000691960085532628,208851632
"728",3302,33694,0.0979996472597122,10.4250755310059,0.0000296788748528343,1135285632
"729",1989,35605,0.0558629408478737,10.4802417755127,0.0000280859421764035,1267715968
"730",3858,48376,0.0797502920031548,10.7867593765259,0.0000206714066735003,2340237312
"731",3055,19567.400390625,0.156127020716667,9.88162040710449,0.000051105409511365,382883168
"732",4680,35761.6484375,0.130866453051567,10.4846315383911,0.0000279629166470841,1278895488
"733",5744,12930.599609375,0.444217592477798,9.46735191345215,0.0000773359352024272,167200400
"734",1482,6286,0.235762014985085,8.74608039855957,0.000159083676408045,39513796
"735",5376,25321.099609375,0.212313055992126,10.1393928527832,0.0000394927556044422,641158080
"736",2730,22167.25,0.123154655098915,10.0063714981079,0.0000451115956821013,491386976
"737",5109,24243,0.210741251707077,10.0958833694458,0.0000412490189773962,587723072
"738",6240,19433.25,0.321099132299423,9.87474060058594,0.0000514581952302251,377651200
"739",3380,26851.650390625,0.125876799225807,10.1980829238892,0.0000372416579921264,721011136
"740",3809,25802,0.147624209523201,10.1582069396973,0.0000387566869903821,665743232
"741",5460,26646.75,0.204903036355972,10.1904220581055,0.0000375280287698843,710049280
"742",3355,26422.75,0.126973912119865,10.181981086731,0.0000378461736545432,698161728
"743",2932,11536.5,0.254149883985519,9.353271484375,0.0000866814007167704,133090832
"744",2223,16011.2001953125,0.138840302824974,9.68104362487793,0.0000624562817392871,256358528
"745",7545,56547.25,0.133428245782852,10.942831993103,0.0000176843259396264,3197591552
"746",4510,22690.05078125,0.198765531182289,10.0296821594238,0.0000440721814811695,514838400
"747",2427,20391.19921875,0.119021937251091,9.92285823822021,0.0000490407655888703,415800992
"748",2432,10487.2001953125,0.231901749968529,9.25791072845459,0.0000953543349169195,109981368
"749",1794,16993.900390625,0.105567291378975,9.74061012268066,0.0000588446418987587,288792640
"750",4355,25689.5,0.169524520635605,10.1538372039795,0.0000389264096156694,659950400
"751",3367,19259.5,0.174822807312012,9.86575984954834,0.0000519224267918617,370928352
"752",5709,57525.25,0.0992433726787567,10.959979057312,0.0000173836706380825,3309154304
"753",2127,17801.5,0.119484312832355,9.78703784942627,0.0000561750421184115,316893408
"754",3185,28134.75,0.113205201923847,10.2447605133057,0.0000355432348442264,791564160
"755",2795,14364.75,0.194573521614075,9.57253265380859,0.0000696148563292809,206346048
"756",2589,21640.19921875,0.119638457894325,9.98230838775635,0.0000462102943856735,468298208
"757",3892,20817,0.186962574720383,9.94352531433105,0.0000480376620544121,433347488
"758",2362,55771.19921875,0.0423516072332859,10.9290132522583,0.0000179304024641169,3110426624
"759",3115,31693.25,0.0982859134674072,10.3638591766357,0.0000315524594043382,1004462080
"760",3215,31859.25,0.100912608206272,10.369083404541,0.0000313880591420457,1015011840
"761",3581,27495.900390625,0.130237594246864,10.2217922210693,0.000036369059671415,756024512
"762",2455,39715.25,0.061815045773983,10.5894908905029,0.0000251792444032617,1577301120
"763",3328,22774.650390625,0.146127372980118,10.0334033966064,0.0000439084687968716,518684704
"764",5770,27933.25,0.206563860177994,10.2375726699829,0.0000357996286766138,780266432
"765",3770,58874.75,0.0640342459082603,10.9831676483154,0.0000169852100952994,3466236160
"766",6850,39133,0.175044074654579,10.5747213363647,0.0000255538798228372,1531391744
"767",3237,7603.60009765625,0.425719380378723,8.93637752532959,0.000131516644614749,57814736
"768",2509,29409,0.0853140205144882,10.2890558242798,0.0000340031947416719,864889280
"769",4686,29295.5,0.159956306219101,10.2851896286011,0.0000341349368682131,858226304
"770",5377,44376.75,0.121167056262493,10.7004709243774,0.0000225343228521524,1969296000
"771",1405,33106.5,0.0424387976527214,10.4074850082397,0.0000302055486827157,1096040320
"772",3874,21234.5,0.18243895471096,9.96338272094727,0.0000470931736344937,450904000
"773",2954,59128.5,0.0499589890241623,10.9874687194824,0.0000169123177329311,3496179456
"774",2340,33427,0.0700032934546471,10.4171190261841,0.0000299159364658408,1117364352
"775",2886,10164,0.283943325281143,9.22660732269287,0.0000983864592853934,103306896
"776",3757,14594.75,0.257421344518661,9.58841705322266,0.0000685177874402143,213006720
"777",962,4744.2001953125,0.202773898839951,8.46467781066895,0.000210783691727556,22507436
"778",4859,49673.75,0.0978182628750801,10.8132314682007,0.0000201313578145346,2467481344
"779",4166,27826.75,0.149712055921555,10.2337532043457,0.0000359366422344465,774328000
"780",3874,48830.44921875,0.0793357416987419,10.7961091995239,0.0000204790248972131,2384412672
"781",3497,36195.94921875,0.0966130197048187,10.4967021942139,0.0000276274004136212,1310146688
"782",3442,24978.5,0.137798503041267,10.1257705688477,0.0000400344288209453,623925440
"783",4810,47800.25,0.100627087056637,10.7747859954834,0.0000209203935810365,2284864000
"784",5058,108752,0.0465094894170761,11.5968255996704,0.00000919523336051498,11826997248
"785",3075,52299.5,0.0587959736585617,10.8647422790527,0.0000191206418094225,2735237632
"786",3835,38342.5,0.100019559264183,10.5543146133423,0.0000260807191807544,1470147328
"787",4663,19381,0.240596458315849,9.87204837799072,0.0000515969259140547,375623168
"788",3991,35880.5,0.111230336129665,10.4879493713379,0.0000278702918876661,1287410304
"789",6123,43687.69921875,0.140153869986534,10.6848220825195,0.00002288973882969,1908615040
"790",3250,32937.8984375,0.0986705347895622,10.4023790359497,0.0000303601646010065,1084905216
"791",4251,13341.25,0.318635821342468,9.49861621856689,0.0000749554965295829,177988944
"792",5530,29296.5,0.188759744167328,10.2852230072021,0.000034133769077016,858284928
"793",5074,38602.5,0.13144226372242,10.5610723495483,0.0000259050575550646,1490152960
"794",2625,30201.75,0.0869154930114746,10.3156547546387,0.0000331106639350764,912145728
"795",4095,14797.150390625,0.276742488145828,9.6021900177002,0.000067580578615889,218955664
"796",2951,38528.55078125,0.0765925496816635,10.559154510498,0.0000259547778114211,1484449280
"797",5245,29055,0.180519700050354,10.2769460678101,0.0000344174841302447,844193024
"798",3445,61303,0.0561962723731995,11.0235843658447,0.0000163124150276417,3758057728
"799",2730,27108.94921875,0.100704751908779,10.2076187133789,0.0000368881883332506,734895104
"800",7800,53495.5,0.145806655287743,10.8873529434204,0.0000186931611096952,2861768448
"801",2171,16665.25,0.130271077156067,9.7210807800293,0.0000600050989305601,277730560
"802",6501,65132.25,0.0998123064637184,11.0841751098633,0.0000153533765114844,4242210048
"803",2173,23903.30078125,0.090907946228981,10.0817718505859,0.0000418352246924769,571367808
"804",5175,36095.75,0.143368676304817,10.4939308166504,0.0000277040926448535,1302903168
"805",2439,21246.599609375,0.114794842898846,9.96395206451416,0.0000470663544547278,451417984
"806",3352,42292,0.0792584866285324,10.6523532867432,0.0000236451342061628,1788613248
"807",1312,11176,0.117394417524338,9.32152366638184,0.0000894774493644945,124902976
"808",1651,7542.2001953125,0.218901634216309,8.9282693862915,0.000132587301777676,56884784
"809",0,15210.4501953125,0,9.62973785400391,0.0000657442724332213,231357792
"810",1352,5288.5,0.25564906001091,8.57328987121582,0.000189089536434039,27968232
"811",5624,58444.25,0.0962284579873085,10.9758281707764,0.0000171103238244541,3415730432
"812",2970,33295.25,0.0892019122838974,10.4131698608398,0.0000300343144772341,1108573696
"813",2665,30455.75,0.0875039994716644,10.3240299224854,0.0000328345231537241,927552704
"814",6472,60595.25,0.106807053089142,11.0119714736938,0.0000165029432537267,3671784448
"815",5915,59623.75,0.0992054343223572,10.9958095550537,0.0000167718408192741,3554991616
"816",5046,19641.5,0.256905019283295,9.88539981842041,0.0000509126075485256,385788512
"817",2051,13317.4501953125,0.154008463025093,9.49683094024658,0.00007508944690926,177354480
"818",1963,9261.7001953125,0.211948126554489,9.13364315032959,0.000107971536635887,85779088
"819",1937,17610.75,0.109989635646343,9.77626514434814,0.0000567834977118764,310138528
"820",4613,35078.5,0.131505057215691,10.4653434753418,0.0000285074911516858,1230501120
"821",3050,45469,0.067078672349453,10.7247858047485,0.0000219930061575724,2067430016
"822",8855,59509.75,0.148799151182175,10.9938955307007,0.0000168039696291089,3541410304
"823",4559,26852.099609375,0.169781878590584,10.1980991363525,0.0000372410358977504,721035264
"824",2249,51484.25,0.043683260679245,10.8490314483643,0.0000194234162336215,2650628096
"825",2769,20194.75,0.137114837765694,9.91317749023438,0.0000495178210258018,407827936
"826",5536,27750.75,0.19949010014534,10.2310180664062,0.0000360350604751147,770104128
"827",1109,33555.25,0.0330499708652496,10.4209489822388,0.0000298015966109233,1125954816
"828",3900,27692.25,0.140833631157875,10.228907585144,0.0000361111851816531,766860736
"829",3980,70406.75,0.0565286725759506,11.1620445251465,0.0000142031840368873,4957110272
"830",1716,18102,0.0947961583733559,9.80377769470215,0.0000552425153728109,327682400
"831",4002,130773.296875,0.03060257807374,11.7812204360962,0.00000764682135923067,17101655040
"832",1875,16636.75,0.112702302634716,9.71936893463135,0.0000601078936597332,276781440
"833",7072,60462.75,0.11696457862854,11.0097827911377,0.000016539108401048,3655744256
"834",739,11653.2001953125,0.0634160563349724,9.36333656311035,0.0000858133353176527,135797072
"835",1820,19274.5,0.0944252759218216,9.86653804779053,0.0000518820197612513,371506336
"836",5043,47114,0.107038244605064,10.7603254318237,0.0000212251143238973,2219728896
"837",2213,6117.2001953125,0.361766815185547,8.71885967254639,0.00016347347991541,37420140
"838",1861,29644.75,0.0627767145633698,10.2970399856567,0.0000337327874149196,878811200
"839",5200,57846.25,0.0898934677243233,10.9655437469482,0.0000172872059920337,3346188544
"840",4041,51033.25,0.0791836678981781,10.8402328491211,0.0000195950688066659,2604392704
"841",1379,11790,0.116963528096676,9.37500667572021,0.0000848176423460245,139004096
"842",3185,24970.25,0.127551794052124,10.1254405975342,0.0000400476565118879,623513408
"843",3471,32390.5,0.107161052525043,10.3856201171875,0.0000308732487610541,1049144512
"844",2737,19277.75,0.141977146267891,9.86670684814453,0.000051873274060199,371631648
"845",4355,27778,0.156778752803802,10.2319993972778,0.0000359997102350462,771617280
"846",2899,19595.5,0.147942125797272,9.88305568695068,0.0000510321260662749,383983616
"847",2379,17761,0.133945167064667,9.78476047515869,0.0000563031353522092,315453120
"848",5685,56883.5,0.0999411046504974,10.9487609863281,0.0000175797904375941,3235732480
"849",8775,66230.25,0.132492333650589,11.1008930206299,0.0000150988407767727,4386445824
"850",4539,40616.5,0.111752614378929,10.6119298934937,0.0000246205363509944,1649700096
"851",5519,80494.5,0.0685636922717094,11.2959442138672,0.0000124232092275633,6479364608
"852",1883,27704,0.067968524992466,10.2293319702148,0.0000360958692908753,767511616
"853",6225,22815.150390625,0.27284500002861,10.0351800918579,0.0000438305251009297,520531072
"854",1642,23390,0.0702009424567223,10.0600643157959,0.0000427533123001922,547092096
"855",3180,18091.80078125,0.175770238041878,9.80321407318115,0.0000552736564713996,327313248
"856",1675,13037,0.128480479121208,9.47554683685303,0.000076704760431312,169963376
"857",3321,27953.69921875,0.118803597986698,10.2383050918579,0.0000357734388671815,781409280
"858",3315,6979,0.474996417760849,8.850661277771,0.000143287004902959,48706440
"859",1872,6941.60009765625,0.269678443670273,8.84528732299805,0.000144058998557739,48185812
"860",3835,46155.44921875,0.0830887779593468,10.7397699356079,0.0000216659136640374,2130325504
"861",2266,34240.25,0.0661794245243073,10.4411573410034,0.0000292053937300807,1172394752
"862",2665,24484,0.108846597373486,10.1057748794556,0.0000408429987146519,599466240
"863",3250,22375,0.145251393318176,10.0156993865967,0.0000446927369921468,500640640
"864",4414,45915.6015625,0.096132904291153,10.7345600128174,0.0000217790893657366,2108242432
"865",4940,32787.94921875,0.150665104389191,10.39781665802,0.0000304990098811686,1075049600
"866",5079,28016.75,0.181284412741661,10.2405576705933,0.0000356929340341594,784938304
"867",5811,31922.19921875,0.182036325335503,10.3710565567017,0.0000313261625706218,1019026816
"868",4594,25357.25,0.181171059608459,10.1408195495605,0.0000394364542444237,642990144
"869",2108,7313.60009765625,0.288230150938034,8.89749050140381,0.000136731570819393,53488748
