"","obs","wage","female","nonwhite","union","education","exper","age","wind","femalenonw","lnwage"
"1",1,11.5500001907349,1,0,0,12,20,38,1,0,2.44668555259705
"2",2,5,0,0,0,9,9,24,0,0,1.60943794250488
"3",3,12,0,0,0,16,15,37,1,0,2.4849066734314
"4",4,7,0,1,1,14,38,58,0,0,1.94591009616852
"5",5,21.1499996185303,1,1,0,16,19,41,1,1,3.05163979530334
"6",6,6.92000007629395,1,0,0,12,4,22,1,0,1.93441581726074
"7",7,10,1,0,0,12,14,32,0,0,2.30258512496948
"8",8,8,1,1,0,12,32,50,0,1,2.0794415473938
"9",9,15.6300001144409,0,0,0,18,7,31,1,0,2.749192237854
"10",10,18.2199993133545,1,0,0,18,5,29,1,0,2.90251994132996
"11",11,20,0,0,0,20,31,57,1,0,2.99573230743408
"12",12,4.34999990463257,1,0,0,12,7,25,0,0,1.47017586231232
"13",13,5,0,0,0,5,31,42,0,0,1.60943794250488
"14",14,8.25,0,1,0,12,14,32,0,0,2.11021327972412
"15",15,15,0,0,1,12,15,33,0,0,2.70805025100708
"16",16,19,1,1,1,14,26,46,0,1,2.94443893432617
"17",17,18,0,1,1,14,23,43,0,0,2.89037179946899
"18",18,7.07000017166138,0,0,1,16,4,26,0,0,1.95586049556732
"19",19,8,0,0,0,14,16,36,0,0,2.0794415473938
"20",20,25,0,0,0,14,27,47,1,0,3.21887588500977
"21",21,17.2999992370605,1,0,0,12,44,62,1,0,2.85070633888245
"22",22,16,1,0,0,12,38,56,0,0,2.7725887298584
"23",23,5,1,0,0,12,19,37,0,0,1.60943794250488
"24",24,8.25,0,0,0,12,13,31,0,0,2.11021327972412
"25",25,8,1,0,1,12,14,32,0,0,2.0794415473938
"26",26,13.6899995803833,1,1,0,12,20,38,0,1,2.61666560173035
"27",27,19.8999996185303,0,0,0,12,26,44,1,0,2.99071979522705
"28",28,22,1,1,1,12,17,35,0,1,3.09104251861572
"29",29,6.5,1,0,0,12,1,19,0,0,1.8718022108078
"30",30,12,1,1,0,12,19,37,0,1,2.4849066734314
"31",31,13.3900003433228,0,0,0,12,34,52,0,0,2.59450817108154
"32",32,36.8499984741211,0,0,0,20,21,47,1,0,3.60685563087463
"33",33,27.4699993133545,0,0,0,16,25,47,0,0,3.3130943775177
"34",34,6,0,1,0,12,2,20,0,0,1.7917594909668
"35",35,21.5400009155273,1,0,1,18,19,43,1,0,3.06991171836853
"36",36,12.4300003051758,0,0,0,12,7,25,1,0,2.52011299133301
"37",37,19.7000007629395,0,0,0,12,33,51,1,0,2.98061871528625
"38",38,7.5,1,0,0,12,11,29,1,0,2.01490306854248
"39",39,25.9500007629395,0,0,0,18,12,36,1,0,3.25617170333862
"40",40,25.9500007629395,1,0,0,16,13,35,1,0,3.25617170333862
"41",41,11.5299997329712,1,0,0,18,29,53,1,0,2.44495224952698
"42",42,5.5,1,0,0,12,2,20,0,0,1.70474803447723
"43",43,9.61999988555908,0,0,0,12,10,28,1,0,2.26384425163269
"44",44,5.25,1,1,0,12,3,21,0,1,1.65822803974152
"45",45,11.5,0,0,0,12,9,27,0,0,2.44234704971313
"46",46,17,0,0,0,16,30,52,0,0,2.83321332931519
"47",47,11,0,0,1,12,30,48,0,0,2.39789533615112
"48",48,13,1,0,0,12,29,47,0,0,2.56494927406311
"49",49,7.32000017166138,0,0,0,12,2,20,0,0,1.99061036109924
"50",50,5.5,0,0,0,12,6,24,0,0,1.70474803447723
"51",51,11.5200004577637,0,0,0,12,33,51,1,0,2.44408464431763
"52",52,15,0,0,0,12,37,55,1,0,2.70805025100708
"53",53,13.5,0,0,1,12,16,34,0,0,2.60268974304199
"54",54,6.75,1,0,0,11,12,29,0,0,1.90954256057739
"55",55,12.5,0,0,0,12,12,30,1,0,2.52572870254517
"56",56,7.09999990463257,0,0,0,9,28,43,0,0,1.96009480953217
"57",57,6,0,1,0,11,35,52,0,0,1.7917594909668
"58",58,14.4300003051758,0,0,0,16,9,31,1,0,2.66930937767029
"59",59,13.7799997329712,1,0,0,16,2,24,1,0,2.62321829795837
"60",60,5,1,1,0,12,7,25,0,1,1.60943794250488
"61",61,4.48999977111816,1,1,1,10,31,47,0,1,1.50185263156891
"62",62,10,0,0,0,5,42,53,0,0,2.30258512496948
"63",63,5,1,0,0,12,37,55,0,0,1.60943794250488
"64",64,17.6800003051758,1,0,1,16,33,55,1,0,2.87243413925171
"65",65,4.38000011444092,1,1,0,12,23,41,1,1,1.47704875469208
"66",66,6.88000011444092,1,0,0,12,12,30,1,0,1.92861866950989
"67",67,12.5,1,0,0,12,25,43,0,0,2.52572870254517
"68",68,13.8999996185303,1,0,0,16,8,30,1,0,2.63188886642456
"69",69,7,0,0,0,12,41,59,0,0,1.94591009616852
"70",70,12,0,0,1,11,32,49,0,0,2.4849066734314
"71",71,9,0,0,0,12,15,33,0,0,2.19722461700439
"72",72,6.5,0,0,0,11,6,23,0,0,1.8718022108078
"73",73,16,0,0,1,12,42,60,0,0,2.7725887298584
"74",74,2.13000011444092,1,0,0,12,12,30,0,0,0.756122052669525
"75",75,9.61999988555908,0,1,0,12,21,39,1,0,2.26384425163269
"76",76,20.2000007629395,1,0,0,18,21,45,1,0,3.00568270683289
"77",77,14.4300003051758,1,0,0,20,2,28,1,0,2.66930937767029
"78",78,35.8300018310547,0,0,0,20,20,46,1,0,3.57878565788269
"79",79,16.6700000762939,1,0,0,14,11,31,0,0,2.81361079216003
"80",80,23.0799999237061,0,0,1,18,25,49,1,0,3.13896632194519
"81",81,4.25,0,0,0,14,7,27,0,0,1.44691896438599
"82",82,5.5,1,0,0,12,25,43,0,0,1.70474803447723
"83",83,15.5900001525879,0,0,0,12,36,54,0,0,2.74662971496582
"84",84,6.94000005722046,1,1,0,14,26,46,1,1,1.93730175495148
"85",85,25,1,0,0,14,30,50,0,0,3.21887588500977
"86",86,5,0,0,0,12,3,21,0,0,1.60943794250488
"87",87,15.6800003051758,1,0,1,16,21,43,1,0,2.75238609313965
"88",88,9.52999973297119,1,1,0,12,19,37,1,1,2.25444459915161
"89",89,11,0,0,0,12,7,25,0,0,2.39789533615112
"90",90,4.25,1,0,0,12,0,18,0,0,1.44691896438599
"91",91,4,1,1,0,12,34,52,0,1,1.3862943649292
"92",92,8.25,0,0,0,12,15,33,0,0,2.11021327972412
"93",93,22,0,0,1,12,15,33,0,0,3.09104251861572
"94",94,5.15000009536743,1,0,0,12,1,19,0,0,1.63899672031403
"95",95,4.69999980926514,0,0,0,16,1,23,0,0,1.54756247997284
"96",96,8,0,0,0,1,26,33,0,0,2.0794415473938
"97",97,12,0,1,1,11,32,49,0,0,2.4849066734314
"98",98,2,1,0,0,5,14,25,1,0,0.6931471824646
"99",99,5,0,0,0,9,12,27,1,0,1.60943794250488
"100",100,7,0,0,0,12,3,21,0,0,1.94591009616852
"101",101,12,0,0,1,5,30,41,0,0,2.4849066734314
"102",102,17.4899997711182,0,0,0,12,14,32,1,0,2.86162924766541
"103",103,6.75,0,1,0,10,9,25,1,0,1.90954256057739
"104",104,6.5,1,1,0,14,5,25,0,1,1.8718022108078
"105",105,4.5,1,0,0,1,26,33,0,0,1.50407743453979
"106",106,8.64999961853027,1,1,0,16,18,40,1,1,2.15755939483643
"107",107,10,0,0,0,9,8,23,0,0,2.30258512496948
"108",108,5.5,1,0,0,1,20,27,0,0,1.70474803447723
"109",109,7.5,0,0,0,12,2,20,0,0,2.01490306854248
"110",110,3.5699999332428,1,0,0,16,1,23,1,0,1.27256560325623
"111",111,18.25,1,1,1,16,21,43,1,1,2.90416502952576
"112",112,16,0,0,0,14,26,46,0,0,2.7725887298584
"113",113,25,0,0,1,18,33,57,1,0,3.21887588500977
"114",114,12,1,0,0,12,41,59,0,0,2.4849066734314
"115",115,15.3500003814697,1,0,0,12,22,40,1,0,2.7311155796051
"116",116,16.6700000762939,1,0,0,12,28,46,0,0,2.81361079216003
"117",117,6.25,0,0,1,12,38,56,0,0,1.83258152008057
"118",118,4.25,1,0,0,12,37,55,0,0,1.44691896438599
"119",119,17.2999992370605,0,0,0,16,15,37,1,0,2.85070633888245
"120",120,20.8299999237061,0,0,1,12,38,56,1,0,3.03639435768127
"121",121,18.4599990844727,0,0,1,16,30,52,1,0,2.91560626029968
"122",122,10,0,0,0,10,2,18,0,0,2.30258512496948
"123",123,11.5500001907349,0,0,0,12,15,33,1,0,2.44668555259705
"124",124,11,1,0,0,14,7,27,0,0,2.39789533615112
"125",125,15.8900003433228,1,0,0,16,24,46,1,0,2.76569008827209
"126",126,23.0799999237061,0,1,0,16,14,36,1,0,3.13896632194519
"127",127,4.25,1,0,0,5,22,33,0,0,1.44691896438599
"128",128,5,0,0,0,7,7,20,0,0,1.60943794250488
"129",129,17.4500007629395,1,0,0,12,23,41,1,0,2.85933971405029
"130",130,12.8199996948242,1,0,0,16,25,47,1,0,2.55100631713867
"131",131,6.80000019073486,0,1,0,12,2,20,0,0,1.91692268848419
"132",132,4.25,1,0,0,10,5,21,0,0,1.44691896438599
"133",133,8.64999961853027,1,1,0,12,38,56,1,1,2.15755939483643
"134",134,8,1,0,1,12,36,54,0,0,2.0794415473938
"135",135,13.25,1,0,0,14,25,45,0,0,2.58399748802185
"136",136,6.75,0,0,0,12,17,35,0,0,1.90954256057739
"137",137,5.5,1,0,0,1,24,31,0,0,1.70474803447723
"138",138,7.5,0,0,0,12,19,37,1,0,2.01490306854248
"139",139,9.25,1,0,0,16,21,43,1,0,2.22462344169617
"140",140,29.1200008392334,0,0,0,16,22,44,1,0,3.37142515182495
"141",141,24.75,0,0,0,16,19,41,1,0,3.20882558822632
"142",142,8.96000003814697,1,0,1,12,41,59,0,0,2.19277024269104
"143",143,8,0,0,0,12,6,24,0,0,2.0794415473938
"144",144,7,1,0,0,12,1,19,0,0,1.94591009616852
"145",145,17.2999992370605,1,0,1,16,37,59,1,0,2.85070633888245
"146",146,12.0299997329712,0,0,0,12,10,28,1,0,2.48740339279175
"147",147,9,0,1,1,16,4,26,0,0,2.19722461700439
"148",148,5.5,0,0,0,12,0,18,0,0,1.70474803447723
"149",149,4.44999980926514,1,0,0,11,1,18,0,0,1.49290406703949
"150",150,6.05999994277954,1,0,1,12,1,19,1,0,1.80170977115631
"151",151,21.6299991607666,0,0,0,16,12,34,1,0,3.07408118247986
"152",152,5.82999992370605,0,0,0,12,2,20,1,0,1.76301693916321
"153",153,43.25,0,0,0,18,13,37,1,0,3.76699733734131
"154",154,37.5,0,0,0,12,22,40,1,0,3.62434101104736
"155",155,8.1899995803833,0,0,0,12,13,31,0,0,2.10291385650635
"156",156,21.6299991607666,0,0,0,16,12,34,1,0,3.07408118247986
"157",157,6,1,0,0,12,17,35,0,0,1.7917594909668
"158",158,9.75,1,0,0,16,7,29,0,0,2.27726721763611
"159",159,8.64999961853027,1,0,0,16,10,32,1,0,2.15755939483643
"160",160,7,1,0,0,12,24,42,0,0,1.94591009616852
"161",161,6,0,0,0,7,24,37,0,0,1.7917594909668
"162",162,10,1,0,1,12,7,25,0,0,2.30258512496948
"163",163,12.5,1,0,0,12,13,31,0,0,2.52572870254517
"164",164,25.4799995422363,1,0,1,18,30,54,1,0,3.23789381980896
"165",165,5,1,0,0,12,4,22,0,0,1.60943794250488
"166",166,14.4300003051758,1,1,0,16,5,27,1,1,2.66930937767029
"167",167,24.4699993133545,1,0,0,16,33,55,1,0,3.19744777679443
"168",168,28.8500003814697,0,0,1,20,23,49,1,0,3.36210989952087
"169",169,42.7299995422363,0,0,0,20,13,39,1,0,3.75490117073059
"170",170,7,0,1,0,16,15,37,0,0,1.94591009616852
"171",171,9,1,1,0,16,23,45,0,1,2.19722461700439
"172",172,7,0,1,0,12,3,21,0,0,1.94591009616852
"173",173,18,0,0,0,12,22,40,0,0,2.89037179946899
"174",174,18,0,0,0,12,22,40,0,0,2.89037179946899
"175",175,13.5500001907349,1,0,1,16,24,46,1,0,2.60638666152954
"176",176,9.30000019073486,1,0,0,12,20,38,0,0,2.23001432418823
"177",177,14.2399997711182,0,0,0,16,17,39,1,0,2.65605497360229
"178",178,18,1,0,0,18,9,33,0,0,2.89037179946899
"179",179,9.09000015258789,1,0,0,12,16,34,1,0,2.2071750164032
"180",180,17.6399993896484,1,0,0,12,13,31,1,0,2.87016892433167
"181",181,11.5299997329712,1,0,0,16,14,36,1,0,2.44495224952698
"182",182,19.1499996185303,0,0,1,14,11,31,0,0,2.95230269432068
"183",183,12.1999998092651,1,0,0,12,15,33,0,0,2.50143599510193
"184",184,14.4399995803833,0,0,0,12,7,25,1,0,2.67000222206116
"185",185,15,1,0,0,16,29,51,0,0,2.70805025100708
"186",186,9.53999996185303,1,0,0,12,27,45,0,0,2.25549340248108
"187",187,17.4500007629395,0,0,0,12,23,41,0,0,2.85933971405029
"188",188,24,1,0,0,14,16,36,0,0,3.178053855896
"189",189,14.4300003051758,0,0,0,18,8,32,1,0,2.66930937767029
"190",190,16.3500003814697,0,0,0,16,8,30,1,0,2.79422783851624
"191",191,5,1,0,0,12,6,24,0,0,1.60943794250488
"192",192,18.7000007629395,1,0,0,16,11,33,0,0,2.92852354049683
"193",193,8,0,0,0,12,47,65,0,0,2.0794415473938
"194",194,18.75,0,0,1,12,16,34,0,0,2.93119382858276
"195",195,5.5,1,0,0,12,1,19,0,0,1.70474803447723
"196",196,4.92000007629395,1,0,0,12,40,58,1,0,1.59330856800079
"197",197,7,1,0,0,16,1,23,0,0,1.94591009616852
"198",198,4.5,0,0,0,12,4,22,0,0,1.50407743453979
"199",199,8.19999980926514,1,0,0,12,33,51,0,0,2.10413408279419
"200",200,17.25,0,0,0,12,27,45,0,0,2.84781217575073
"201",201,12.0299997329712,1,0,0,12,12,30,1,0,2.48740339279175
"202",202,18.2000007629395,1,0,0,12,18,36,0,0,2.90142154693604
"203",203,2.85999989509583,1,0,0,12,13,31,1,0,1.05082154273987
"204",204,12,0,0,0,7,29,42,0,0,2.4849066734314
"205",205,14.6999998092651,1,0,0,14,22,42,1,0,2.68784737586975
"206",206,24,0,0,1,12,33,51,0,0,3.178053855896
"207",207,14.4200000762939,1,0,0,14,13,33,0,0,2.66861605644226
"208",208,9,1,0,1,12,24,42,0,0,2.19722461700439
"209",209,19.7199993133545,0,0,0,16,23,45,0,0,2.98163342475891
"210",210,8,1,0,0,18,13,37,0,0,2.0794415473938
"211",211,12,0,0,0,12,9,27,0,0,2.4849066734314
"212",212,13.1599998474121,1,0,0,12,4,22,1,0,2.57718181610107
"213",213,11.25,0,0,0,12,12,30,1,0,2.42036819458008
"214",214,18,0,0,1,12,18,36,0,0,2.89037179946899
"215",215,13.5,0,0,0,16,3,25,0,0,2.60268974304199
"216",216,8.75,0,0,0,12,6,24,0,0,2.16905379295349
"217",217,12.7200002670288,0,0,0,16,18,40,0,0,2.54317569732666
"218",218,11.3100004196167,1,0,0,14,10,30,0,0,2.42568731307983
"219",219,6,1,0,0,12,0,18,0,0,1.7917594909668
"220",220,9,0,0,0,12,7,25,0,0,2.19722461700439
"221",221,21.4699993133545,0,0,0,16,8,30,1,0,3.06665658950806
"222",222,5,0,1,0,12,12,30,0,0,1.60943794250488
"223",223,12.5,1,1,0,12,42,60,1,1,2.52572870254517
"224",224,25.4799995422363,1,1,0,20,27,53,1,1,3.23789381980896
"225",225,14.4099998474121,0,1,1,12,22,40,0,0,2.66792249679565
"226",226,10.1000003814697,0,1,1,16,4,26,1,0,2.31253552436829
"227",227,7.19999980926514,0,1,0,12,5,23,1,0,1.97408103942871
"228",228,14.3999996185303,1,1,0,12,19,37,1,1,2.66722822189331
"229",229,9.10000038146973,1,1,1,12,32,50,0,1,2.20827436447144
"230",230,23.0799999237061,0,0,0,20,3,29,1,0,3.13896632194519
"231",231,7,1,0,0,16,3,25,0,0,1.94591009616852
"232",232,19.2800006866455,0,0,0,12,15,33,0,0,2.95906829833984
"233",233,8.71000003814697,1,0,0,12,17,35,1,0,2.16447186470032
"234",234,9.38000011444092,1,0,0,12,43,61,1,0,2.23857975006104
"235",235,12,0,0,0,9,23,38,0,0,2.4849066734314
"236",236,13,0,0,0,12,10,28,0,0,2.56494927406311
"237",237,9.63000011444092,0,0,0,12,15,33,1,0,2.26488327980042
"238",238,16.4500007629395,1,0,0,16,41,63,1,0,2.80032563209534
"239",239,5,1,0,0,12,20,38,1,0,1.60943794250488
"240",240,20.8299999237061,1,0,0,14,26,46,1,0,3.03639435768127
"241",241,7,0,1,0,12,8,26,0,0,1.94591009616852
"242",242,10,0,0,0,12,6,24,0,0,2.30258512496948
"243",243,13,0,1,0,12,44,62,0,0,2.56494927406311
"244",244,22,0,0,0,12,22,40,1,0,3.09104251861572
"245",245,8,0,0,0,14,2,22,0,0,2.0794415473938
"246",246,6,0,0,0,12,22,40,0,0,1.7917594909668
"247",247,23.0900001525879,1,0,0,20,17,43,1,0,3.13939952850342
"248",248,19.2299995422363,1,0,0,16,27,49,1,0,2.95647144317627
"249",249,8,0,0,0,14,4,24,0,0,2.0794415473938
"250",250,11.1099996566772,0,0,0,12,14,32,1,0,2.40784549713135
"251",251,4.59999990463257,1,1,1,5,43,54,0,1,1.52605628967285
"252",252,11.8199996948242,0,0,0,14,37,57,1,0,2.46979308128357
"253",253,4.55000019073486,0,0,0,12,5,23,0,0,1.51512730121613
"254",254,10,0,0,0,12,19,37,0,0,2.30258512496948
"255",255,7.40999984741211,1,1,0,10,29,45,0,1,2.00283050537109
"256",256,28.8299999237061,0,0,0,16,21,43,1,0,3.36141657829285
"257",257,4.5,1,0,0,11,1,18,0,0,1.50407743453979
"258",258,11,0,0,0,12,16,34,0,0,2.39789533615112
"259",259,10.0799999237061,1,0,0,12,39,57,1,0,2.31055331230164
"260",260,9.05000019073486,1,0,0,12,38,56,0,0,2.20276474952698
"261",261,8,1,1,0,12,9,27,0,1,2.0794415473938
"262",262,5.15000009536743,1,1,0,12,2,20,0,1,1.63899672031403
"263",263,5,0,1,0,12,3,21,0,0,1.60943794250488
"264",264,12.0299997329712,1,0,0,12,6,24,1,0,2.48740339279175
"265",265,16.8299999237061,1,0,0,16,25,47,1,0,2.82316303253174
"266",266,2.09999990463257,1,0,0,18,27,51,0,0,0.741937279701233
"267",267,28.2299995422363,0,0,0,20,24,50,1,0,3.34038519859314
"268",268,7,0,0,0,9,17,32,0,0,1.94591009616852
"269",269,6,1,1,0,12,5,23,0,1,1.7917594909668
"270",270,10.1000003814697,1,0,0,18,15,39,1,0,2.31253552436829
"271",271,18,1,0,0,14,6,26,0,0,2.89037179946899
"272",272,6.75,1,0,0,12,22,40,0,0,1.90954256057739
"273",273,11.210000038147,1,0,1,12,11,29,0,0,2.4168062210083
"274",274,10,0,0,0,12,31,49,0,0,2.30258512496948
"275",275,5,1,1,0,11,39,56,0,1,1.60943794250488
"276",276,15,1,0,0,12,15,33,1,0,2.70805025100708
"277",277,14.0900001525879,0,0,0,12,19,37,1,0,2.64546537399292
"278",278,6.92999982833862,1,0,0,12,10,28,1,0,1.93585979938507
"279",279,6.73999977111816,1,1,0,12,20,38,0,1,1.90805983543396
"280",280,16,0,0,0,14,17,37,0,0,2.7725887298584
"281",281,6.25,1,0,0,11,34,51,1,0,1.83258152008057
"282",282,10,0,0,0,14,32,52,1,0,2.30258512496948
"283",283,9.57999992370605,1,0,0,12,14,32,0,0,2.25967764854431
"284",284,21.1499996185303,1,0,0,18,15,39,1,0,3.05163979530334
"285",285,6.5,0,0,0,9,3,18,0,0,1.8718022108078
"286",286,8.02999973297119,1,0,0,7,38,51,0,0,2.08318448066711
"287",287,24.0300006866455,0,0,0,14,36,56,1,0,3.17930316925049
"288",288,12.9799995422363,0,0,0,16,23,45,1,0,2.56340956687927
"289",289,23.3999996185303,0,0,0,20,6,32,1,0,3.15273594856262
"290",290,15.8800001144409,1,1,0,12,15,33,1,1,2.76506042480469
"291",291,11.7799997329712,0,0,0,12,41,59,1,0,2.4664032459259
"292",292,7,1,0,0,12,39,57,0,0,1.94591009616852
"293",293,15.1000003814697,0,0,0,16,16,38,0,0,2.71469473838806
"294",294,21,1,0,0,14,25,45,0,0,3.04452252388
"295",295,5.5,1,1,0,16,10,32,0,1,1.70474803447723
"296",296,9.31999969482422,0,1,1,12,12,30,0,0,2.23216271400452
"297",297,14.4300003051758,1,1,0,12,29,47,1,1,2.66930937767029
"298",298,4,0,1,0,1,33,40,0,0,1.3862943649292
"299",299,8.75,0,0,0,9,31,46,0,0,2.16905379295349
"300",300,8.5,0,0,0,9,7,22,0,0,2.14006614685059
"301",301,8,0,0,0,7,30,43,0,0,2.0794415473938
"302",302,25,0,1,0,20,2,28,1,0,3.21887588500977
"303",303,24.0300006866455,0,0,0,18,24,48,1,0,3.17930316925049
"304",304,6,1,0,0,14,36,56,1,0,1.7917594909668
"305",305,5.82000017166138,0,1,0,12,11,29,0,0,1.76130032539368
"306",306,15,0,0,0,12,15,33,0,0,2.70805025100708
"307",307,11.5,1,1,1,16,29,51,0,1,2.44234704971313
"308",308,24.0300006866455,0,1,1,14,40,60,1,0,3.17930316925049
"309",309,4.25,1,1,0,12,9,27,0,1,1.44691896438599
"310",310,8.64999961853027,1,1,0,10,8,24,1,1,2.15755939483643
"311",311,5.5,0,1,0,12,1,19,0,0,1.70474803447723
"312",312,19.1900005340576,0,1,1,12,39,57,0,0,2.95438933372498
"313",313,19.1000003814697,1,0,1,18,26,50,1,0,2.94968843460083
"314",314,14,0,1,0,12,26,44,0,0,2.63905739784241
"315",315,4.44000005722046,0,0,0,16,15,37,1,0,1.49065434932709
"316",316,16.8299999237061,1,0,0,18,28,52,1,0,2.82316303253174
"317",317,7,1,0,0,12,24,42,0,0,1.94591009616852
"318",318,23.1700000762939,0,0,0,12,37,55,0,0,3.14285826683044
"319",319,10.9799995422363,0,0,0,12,11,29,0,0,2.39607548713684
"320",320,5.25,0,1,0,12,0,18,0,0,1.65822803974152
"321",321,17.2999992370605,0,0,0,14,26,46,1,0,2.85070633888245
"322",322,7.17999982833862,1,0,1,12,21,39,0,0,1.97129940986633
"323",323,6.25,0,0,0,16,22,44,1,0,1.83258152008057
"324",324,7,1,0,0,12,46,64,0,0,1.94591009616852
"325",325,11.539999961853,1,0,1,12,35,53,1,0,2.44581913948059
"326",326,7.30000019073486,1,0,0,12,0,18,0,0,1.98787438869476
"327",327,7,1,0,0,16,3,25,0,0,1.94591009616852
"328",328,8,0,0,0,12,8,26,0,0,2.0794415473938
"329",329,7,0,0,1,12,41,59,0,0,1.94591009616852
"330",330,5.5,1,1,0,12,2,20,0,1,1.70474803447723
"331",331,10,1,1,0,12,9,27,0,1,2.30258512496948
"332",332,40,0,0,0,18,41,65,1,0,3.68887948989868
"333",333,11.539999961853,1,0,0,16,3,25,1,0,2.44581913948059
"334",334,14.4300003051758,1,0,0,12,6,24,1,0,2.66930937767029
"335",335,22.5,0,0,0,18,3,27,1,0,3.11351537704468
"336",336,8.42000007629395,1,0,0,12,23,41,1,0,2.13060975074768
"337",337,13.75,0,0,0,12,36,54,0,0,2.62103891372681
"338",338,5.34000015258789,1,0,0,12,32,50,0,0,1.67522573471069
"339",339,12.0299997329712,0,1,0,12,8,26,1,0,2.48740339279175
"340",340,7,1,1,1,12,7,25,0,1,1.94591009616852
"341",341,5.09999990463257,0,0,0,5,36,47,0,0,1.6292405128479
"342",342,12.5,1,0,0,18,0,24,1,0,2.52572870254517
"343",343,16,1,0,0,16,9,31,0,0,2.7725887298584
"344",344,25,0,0,1,12,24,42,0,0,3.21887588500977
"345",345,12.9799995422363,0,0,1,12,37,55,1,0,2.56340956687927
"346",346,6.92000007629395,1,0,0,1,26,33,0,0,1.93441581726074
"347",347,9.38000011444092,1,1,0,18,9,33,1,1,2.23857975006104
"348",348,37.5,0,0,0,16,35,57,1,0,3.62434101104736
"349",349,19.2299995422363,0,0,0,20,12,38,0,0,2.95647144317627
"350",350,11.1899995803833,1,0,0,16,29,51,1,0,2.41502046585083
"351",351,11.5,1,0,0,12,29,47,0,0,2.44234704971313
"352",352,14.6400003433228,1,0,0,14,12,32,1,0,2.68375754356384
"353",353,25,0,0,1,14,30,50,0,0,3.21887588500977
"354",354,9,0,0,0,11,13,30,0,0,2.19722461700439
"355",355,14.9099998474121,1,0,0,12,20,38,1,0,2.7020320892334
"356",356,8.5,0,0,0,14,2,22,1,0,2.14006614685059
"357",357,21.1599998474121,0,0,0,16,9,31,1,0,3.0521125793457
"358",358,17.0499992370605,1,0,0,18,23,47,1,0,2.83615016937256
"359",359,6.09999990463257,1,0,0,12,6,24,0,0,1.80828881263733
"360",360,15.9499998092651,0,0,0,16,14,36,1,0,2.76945877075195
"361",361,9.78999996185303,0,0,1,12,21,39,0,0,2.28136134147644
"362",362,14.1599998474121,1,0,0,16,9,31,1,0,2.65042114257812
"363",363,28.3799991607666,0,0,0,14,31,51,1,0,3.34568452835083
"364",364,5.5,0,0,0,1,25,32,0,0,1.70474803447723
"365",365,5,0,0,1,12,9,27,0,0,1.60943794250488
"366",366,11.5299997329712,1,0,0,12,26,44,1,0,2.44495224952698
"367",367,16,0,0,0,16,7,29,0,0,2.7725887298584
"368",368,33.2200012207031,0,0,0,18,13,37,1,0,3.5031521320343
"369",369,12,0,0,0,12,15,33,0,0,2.4849066734314
"370",370,19.25,1,0,0,12,22,40,1,0,2.95751094818115
"371",371,38.4500007629395,1,0,0,12,32,50,1,0,3.64935874938965
"372",372,4.25,1,0,0,12,3,21,0,0,1.44691896438599
"373",373,0.839999973773956,1,0,0,10,35,51,1,0,-0.174353420734406
"374",374,7.05999994277954,1,1,0,12,12,30,0,1,1.9544450044632
"375",375,4.75,1,0,0,12,1,19,0,0,1.55814456939697
"376",376,4,0,1,0,12,7,25,0,0,1.3862943649292
"377",377,15,1,0,0,11,38,55,1,0,2.70805025100708
"378",378,23.0799999237061,0,0,0,16,8,30,1,0,3.13896632194519
"379",379,17.5,1,0,0,18,38,62,0,0,2.86220097541809
"380",380,13.75,1,0,0,12,14,32,1,0,2.62103891372681
"381",381,5,1,0,0,12,17,35,0,0,1.60943794250488
"382",382,8,0,0,0,11,5,22,0,0,2.0794415473938
"383",383,10,1,0,0,12,9,27,0,0,2.30258512496948
"384",384,21.0200004577637,0,0,0,16,9,31,1,0,3.04547429084778
"385",385,6.03999996185303,1,0,0,12,21,39,0,0,1.79840397834778
"386",386,7,1,0,0,12,8,26,0,0,1.94591009616852
"387",387,4.25,0,1,0,12,3,21,0,0,1.44691896438599
"388",388,11,1,0,1,12,23,41,0,0,2.39789533615112
"389",389,4.5,0,0,0,9,23,38,0,0,1.50407743453979
"390",390,18,0,0,1,12,28,46,0,0,2.89037179946899
"391",391,9,0,0,0,12,6,24,0,0,2.19722461700439
"392",392,12,1,0,0,14,16,36,0,0,2.4849066734314
"393",393,17.8600006103516,0,0,1,16,22,44,1,0,2.88256359100342
"394",394,26.9200000762939,0,0,0,16,31,53,1,0,3.29286956787109
"395",395,16.25,1,0,0,16,13,35,0,0,2.78809285163879
"396",396,8.75,0,0,0,12,17,35,1,0,2.16905379295349
"397",397,14.4799995422363,1,0,0,18,12,36,1,0,2.67276835441589
"398",398,24.0499992370605,0,0,1,14,26,46,1,0,3.18013501167297
"399",399,3.84999990463257,0,0,0,12,18,36,1,0,1.34807312488556
"400",400,27.8799991607666,0,0,0,16,27,49,1,0,3.32790946960449
"401",401,5,1,0,0,12,43,61,0,0,1.60943794250488
"402",402,16.5,0,0,0,16,12,34,1,0,2.80336046218872
"403",403,7.21000003814697,1,0,0,12,33,51,0,0,1.97546899318695
"404",404,13.4499998092651,1,0,0,12,38,56,1,0,2.59897899627686
"405",405,10.0500001907349,0,0,0,11,22,39,0,0,2.30757260322571
"406",406,4.25,1,0,0,12,5,23,0,0,1.44691896438599
"407",407,6.75,1,0,0,12,22,40,0,0,1.90954256057739
"408",408,15,0,0,1,20,16,42,1,0,2.70805025100708
"409",409,7.5,1,0,0,18,19,43,0,0,2.01490306854248
"410",410,8.5,0,0,0,14,6,26,0,0,2.14006614685059
"411",411,7.21000003814697,1,0,0,12,20,38,0,0,1.97546899318695
"412",412,9.02000045776367,0,0,0,12,25,43,0,0,2.19944429397583
"413",413,5,1,0,0,12,9,27,0,0,1.60943794250488
"414",414,5.34999990463257,1,0,0,14,8,28,0,0,1.67709648609161
"415",415,6,0,0,0,12,4,22,0,0,1.7917594909668
"416",416,9,1,0,0,12,29,47,0,0,2.19722461700439
"417",417,2.29999995231628,1,0,0,12,5,23,0,0,0.832909107208252
"418",418,5,1,0,0,12,3,21,0,0,1.60943794250488
"419",419,11.3500003814697,1,0,0,7,35,48,0,0,2.42921781539917
"420",420,5,0,0,0,12,2,20,0,0,1.60943794250488
"421",421,8,0,0,0,12,5,23,0,0,2.0794415473938
"422",422,7.98999977111816,0,0,0,12,20,38,1,0,2.07819080352783
"423",423,14,1,0,1,12,24,42,0,0,2.63905739784241
"424",424,10.5799999237061,1,0,0,14,3,23,1,0,2.3589653968811
"425",425,15.3800001144409,0,0,0,11,24,41,1,0,2.73306798934937
"426",426,15,0,0,0,16,8,30,1,0,2.70805025100708
"427",427,13,1,0,0,14,32,52,0,0,2.56494927406311
"428",428,4.44000005722046,0,1,0,12,6,24,1,0,1.49065434932709
"429",429,15.4300003051758,1,1,0,12,31,49,1,1,2.73631358146667
"430",430,9,0,0,0,12,4,22,0,0,2.19722461700439
"431",431,14.1800003051758,1,0,0,12,39,57,1,0,2.65183258056641
"432",432,14.960000038147,0,0,0,16,9,31,1,0,2.70537996292114
"433",433,30.7800006866455,0,0,0,20,27,53,1,0,3.4268651008606
"434",434,17,0,0,0,12,24,42,0,0,2.83321332931519
"435",435,8.5,1,0,0,14,13,33,0,0,2.14006614685059
"436",436,6.75,1,0,0,16,6,28,1,0,1.90954256057739
"437",437,12.5,0,0,0,12,10,28,0,0,2.52572870254517
"438",438,22.2999992370605,0,0,0,16,20,42,1,0,3.10458660125732
"439",439,5,0,0,0,16,21,43,0,0,1.60943794250488
"440",440,4.90000009536743,0,0,0,12,3,21,0,0,1.58923518657684
"441",441,13.75,0,0,1,12,40,58,1,0,2.62103891372681
"442",442,8.60000038146973,1,1,0,12,17,35,0,1,2.15176224708557
"443",443,6.51999998092651,0,0,0,12,46,64,0,0,1.87487435340881
"444",444,4.80000019073486,1,0,0,12,15,33,1,0,1.56861591339111
"445",445,16,0,0,1,12,28,46,0,0,2.7725887298584
"446",446,5,0,0,0,11,1,18,0,0,1.60943794250488
"447",447,5.75,0,0,0,12,3,21,0,0,1.74919986724854
"448",448,7,1,1,0,12,25,43,0,1,1.94591009616852
"449",449,8.85000038146973,1,1,0,12,15,33,0,1,2.18041753768921
"450",450,18.8700008392334,0,0,0,14,14,34,1,0,2.93757343292236
"451",451,30.75,0,0,0,18,27,51,1,0,3.42588996887207
"452",452,5.30000019073486,1,0,0,12,15,33,0,0,1.66770684719086
"453",453,28.8299999237061,1,0,0,14,20,40,1,0,3.36141657829285
"454",454,4.32999992370605,1,0,0,11,26,43,1,0,1.46556746959686
"455",455,6.03999996185303,0,0,0,12,34,52,1,0,1.79840397834778
"456",456,18.6900005340576,0,0,1,16,9,31,0,0,2.9279887676239
"457",457,13.5,1,0,0,12,36,54,0,0,2.60268974304199
"458",458,17.8899993896484,1,0,1,12,24,42,0,0,2.88424181938171
"459",459,13.75,1,0,0,16,9,31,1,0,2.62103891372681
"460",460,7.19999980926514,1,0,0,12,11,29,0,0,1.97408103942871
"461",461,7,1,0,0,12,1,19,0,0,1.94591009616852
"462",462,5,1,0,0,12,10,28,0,0,1.60943794250488
"463",463,17,1,0,0,12,38,56,0,0,2.83321332931519
"464",464,10,0,0,1,12,9,27,0,0,2.30258512496948
"465",465,28.8500003814697,0,1,0,12,20,38,1,0,3.36210989952087
"466",466,13.5,1,0,0,16,2,24,1,0,2.60268974304199
"467",467,7,1,0,0,16,11,33,0,0,1.94591009616852
"468",468,13.4399995803833,1,1,1,12,16,34,0,1,2.59823536872864
"469",469,6,1,1,0,12,4,22,0,1,1.7917594909668
"470",470,9,0,0,1,12,0,18,0,0,2.19722461700439
"471",471,10.1000003814697,0,1,0,12,11,29,0,0,2.31253552436829
"472",472,16.8299999237061,0,1,0,12,27,45,1,0,2.82316303253174
"473",473,20.2000007629395,1,0,0,12,15,33,1,0,3.00568270683289
"474",474,8,1,0,0,12,41,59,0,0,2.0794415473938
"475",475,12.1300001144409,1,0,0,12,23,41,1,0,2.49568176269531
"476",476,3,1,0,0,16,2,24,0,0,1.0986123085022
"477",477,4.34999990463257,1,0,0,12,18,36,0,0,1.47017586231232
"478",478,15.0600004196167,1,0,1,16,28,50,0,0,2.71204233169556
"479",479,5.25,1,0,0,16,5,27,0,0,1.65822803974152
"480",480,21.1499996185303,1,0,0,12,17,35,1,0,3.05163979530334
"481",481,16.8299999237061,0,0,0,12,40,58,1,0,2.82316303253174
"482",482,8.75,1,0,0,9,48,63,0,0,2.16905379295349
"483",483,9.47000026702881,1,0,0,12,24,42,1,0,2.24812889099121
"484",484,9.05000019073486,1,0,0,12,27,45,0,0,2.20276474952698
"485",485,11.5299997329712,0,0,0,12,14,32,1,0,2.44495224952698
"486",486,13,1,0,0,12,38,56,0,0,2.56494927406311
"487",487,5,1,0,0,16,6,28,0,0,1.60943794250488
"488",488,11,0,0,0,12,29,47,0,0,2.39789533615112
"489",489,10.6700000762939,1,0,0,12,21,39,1,0,2.367436170578
"490",490,9.5,0,0,0,12,6,24,0,0,2.25129175186157
"491",491,17.7800006866455,0,0,0,12,18,36,1,0,2.87807416915894
"492",492,26.9300003051758,1,0,0,16,13,35,1,0,3.29324102401733
"493",493,10,1,0,0,12,41,59,0,0,2.30258512496948
"494",494,28.3500003814697,0,0,0,16,34,56,1,0,3.34462714195251
"495",495,8,0,0,0,7,30,43,0,0,2.0794415473938
"496",496,20.6800003051758,1,0,1,18,20,44,1,0,3.02916717529297
"497",497,21.6299991607666,1,0,0,16,11,33,1,0,3.07408118247986
"498",498,16.2999992370605,0,0,1,12,21,39,0,0,2.7911651134491
"499",499,19.9400005340576,1,0,0,18,34,58,0,0,2.99272775650024
"500",500,11.25,1,0,1,11,40,57,1,0,2.42036819458008
"501",501,11.7299995422363,0,0,0,16,22,44,0,0,2.46214962005615
"502",502,12,1,0,0,14,20,40,0,0,2.4849066734314
"503",503,18.1599998474121,1,0,1,14,32,52,1,0,2.89922142028809
"504",504,7.15000009536743,0,0,0,12,1,19,0,0,1.96711242198944
"505",505,38.4500007629395,1,0,0,18,18,42,1,0,3.64935874938965
"506",506,25.4300003051758,1,0,0,18,17,41,1,0,3.23592948913574
"507",507,18.4599990844727,1,0,0,18,27,51,1,0,2.91560626029968
"508",508,36.0499992370605,0,1,0,18,9,33,1,0,3.58490681648254
"509",509,7.88000011444092,1,0,0,20,15,41,1,0,2.06432795524597
"510",510,6,1,0,1,12,5,23,0,0,1.7917594909668
"511",511,38.4599990844727,0,0,0,16,31,53,1,0,3.64961862564087
"512",512,25.8899993896484,1,0,0,16,12,34,1,0,3.25385665893555
"513",513,48.0800018310547,0,0,0,16,38,60,1,0,3.87286639213562
"514",514,9.5,0,0,0,12,18,36,0,0,2.25129175186157
"515",515,16.6000003814697,1,0,0,16,16,38,1,0,2.80940270423889
"516",516,6.5,1,0,0,11,21,38,0,0,1.8718022108078
"517",517,8,1,0,0,12,6,24,0,0,2.0794415473938
"518",518,18.75,1,0,0,12,30,48,1,0,2.93119382858276
"519",519,6.5,1,0,0,10,42,58,0,0,1.8718022108078
"520",520,12.5,1,0,0,16,19,41,1,0,2.52572870254517
"521",521,17,0,0,1,14,27,47,0,0,2.83321332931519
"522",522,5.34999990463257,1,0,0,12,13,31,0,0,1.67709648609161
"523",523,39,0,0,0,16,25,47,0,0,3.66356158256531
"524",524,12.5,0,0,1,12,26,44,1,0,2.52572870254517
"525",525,10.8400001525879,1,0,0,12,38,56,1,0,2.38324308395386
"526",526,9,1,0,0,12,31,49,0,0,2.19722461700439
"527",527,8,0,0,0,12,6,24,0,0,2.0794415473938
"528",528,8.5,1,0,0,16,7,29,0,0,2.14006614685059
"529",529,5.75,1,1,0,16,12,34,1,1,1.74919986724854
"530",530,9,1,0,0,12,26,44,0,0,2.19722461700439
"531",531,8,0,0,0,9,22,37,0,0,2.0794415473938
"532",532,17.2999992370605,0,0,1,18,22,46,1,0,2.85070633888245
"533",533,5,1,0,0,12,14,32,0,0,1.60943794250488
"534",534,5,0,0,0,12,35,53,0,0,1.60943794250488
"535",535,21.8999996185303,0,0,1,14,17,37,0,0,3.08648657798767
"536",536,10.0500001907349,1,0,1,12,23,41,0,0,2.30757260322571
"537",537,17.75,0,0,0,12,21,39,0,0,2.87638545036316
"538",538,4.59999990463257,1,0,0,12,3,21,0,0,1.52605628967285
"539",539,4.25,1,0,0,12,6,24,0,0,1.44691896438599
"540",540,9.34000015258789,0,0,1,12,29,47,0,0,2.23430633544922
"541",541,8.5600004196167,1,0,0,12,12,30,1,0,2.14710021018982
"542",542,25,0,0,0,12,6,24,0,0,3.21887588500977
"543",543,7,1,0,0,12,28,46,0,0,1.94591009616852
"544",544,23.9500007629395,0,0,1,16,40,62,1,0,3.17596840858459
"545",545,4.65000009536743,0,0,0,12,35,53,0,0,1.53686726093292
"546",546,7.15000009536743,0,0,0,14,4,24,0,0,1.96711242198944
"547",547,9.89000034332275,1,0,0,12,35,53,1,0,2.29152417182922
"548",548,18.6499996185303,1,0,1,18,15,39,1,0,2.92584609985352
"549",549,11.6300001144409,0,0,0,12,23,41,1,0,2.45358800888062
"550",550,6.59999990463257,0,0,0,14,10,30,1,0,1.88706958293915
"551",551,10.8000001907349,1,0,0,12,16,34,0,0,2.37954616546631
"552",552,22.6399993896484,0,0,0,20,14,40,1,0,3.11971831321716
"553",553,6.75,1,0,0,12,34,52,0,0,1.90954256057739
"554",554,8,0,1,0,12,4,22,0,0,2.0794415473938
"555",555,9.60999965667725,1,0,0,12,12,30,0,0,2.26280426979065
"556",556,4.25,1,0,0,12,12,30,0,0,1.44691896438599
"557",557,8.77999973297119,1,0,1,12,18,36,0,0,2.17247629165649
"558",558,5.57999992370605,1,0,0,10,10,26,0,0,1.71918880939484
"559",559,7.09999990463257,1,0,0,12,40,58,0,0,1.96009480953217
"560",560,7,1,0,1,14,13,33,0,0,1.94591009616852
"561",561,9,1,0,0,18,14,38,0,0,2.19722461700439
"562",562,5,0,0,0,11,1,18,0,0,1.60943794250488
"563",563,18,0,0,0,12,34,52,0,0,2.89037179946899
"564",564,18,0,0,1,12,23,41,0,0,2.89037179946899
"565",565,16.8299999237061,1,0,0,12,18,36,1,0,2.82316303253174
"566",566,25.6399993896484,0,0,0,16,29,51,1,0,3.24415349960327
"567",567,9.25,1,0,0,12,39,57,0,0,2.22462344169617
"568",568,19.4200000762939,0,0,0,16,30,52,1,0,2.96630334854126
"569",569,12.7200002670288,0,0,0,16,14,36,0,0,2.54317569732666
"570",570,18.4400005340576,0,0,1,12,21,39,0,0,2.91452217102051
"571",571,4.8600001335144,0,0,1,7,52,65,0,0,1.58103847503662
"572",572,12,0,0,0,12,24,42,0,0,2.4849066734314
"573",573,38.4599990844727,0,0,0,16,23,45,1,0,3.64961862564087
"574",574,8.43000030517578,0,1,1,12,22,40,0,0,2.13179683685303
"575",575,7,1,1,1,7,21,34,0,1,1.94591009616852
"576",576,14.1000003814697,0,1,1,16,11,33,1,0,2.64617490768433
"577",577,11,0,0,0,16,24,46,0,0,2.39789533615112
"578",578,26.6000003814697,0,0,0,12,38,56,1,0,3.2809112071991
"579",579,13,1,1,0,12,16,34,0,1,2.56494927406311
"580",580,15,0,0,0,12,32,50,0,0,2.70805025100708
"581",581,5,1,1,0,12,7,25,0,1,1.60943794250488
"582",582,7.5,0,1,1,16,25,47,0,0,2.01490306854248
"583",583,19,1,1,0,12,30,48,0,1,2.94443893432617
"584",584,7,1,0,0,12,13,31,0,0,1.94591009616852
"585",585,16.3500003814697,0,0,0,18,10,34,0,0,2.79422783851624
"586",586,9.68000030517578,1,0,0,12,17,35,0,0,2.27006196975708
"587",587,9.5,1,0,0,12,43,61,0,0,2.25129175186157
"588",588,35.3800010681152,0,0,0,16,16,38,1,0,3.56614661216736
"589",589,13.6400003433228,0,0,0,12,17,35,1,0,2.61300659179688
"590",590,16.8299999237061,0,1,0,12,38,56,1,0,2.82316303253174
"591",591,6.19000005722046,0,0,0,12,22,40,0,0,1.82293510437012
"592",592,27.4699993133545,0,0,0,16,25,47,1,0,3.3130943775177
"593",593,13.1000003814697,1,0,1,12,34,52,0,0,2.57261228561401
"594",594,10.3000001907349,1,0,0,12,14,32,0,0,2.33214402198792
"595",595,8,0,0,0,12,4,22,0,0,2.0794415473938
"596",596,7.78000020980835,0,0,0,12,21,39,0,0,2.05155634880066
"597",597,5,1,0,0,16,1,23,0,0,1.60943794250488
"598",598,30.5799999237061,0,0,0,16,21,43,1,0,3.4203462600708
"599",599,10,0,0,1,12,32,50,0,0,2.30258512496948
"600",600,16.3500003814697,1,0,0,20,13,39,1,0,2.79422783851624
"601",601,9.5,0,0,0,12,12,30,0,0,2.25129175186157
"602",602,12.1199998855591,1,0,0,12,40,58,0,0,2.4948570728302
"603",603,17.2700004577637,1,0,0,16,19,41,0,0,2.84897089004517
"604",604,12,1,0,1,14,8,28,0,0,2.4849066734314
"605",605,5,1,1,0,12,19,37,0,1,1.60943794250488
"606",606,25.4799995422363,0,0,0,12,16,34,1,0,3.23789381980896
"607",607,5.5,1,1,0,12,13,31,0,1,1.70474803447723
"608",608,32.9300003051758,0,1,0,20,13,39,1,0,3.49438405036926
"609",609,6.40000009536743,1,1,0,12,6,24,1,1,1.85629796981812
"610",610,20.2000007629395,0,0,0,12,16,34,1,0,3.00568270683289
"611",611,14,0,0,0,11,29,46,0,0,2.63905739784241
"612",612,6,1,0,0,12,6,24,0,0,1.7917594909668
"613",613,9.63000011444092,1,0,0,12,16,34,1,0,2.26488327980042
"614",614,9.60999965667725,0,0,0,20,9,35,1,0,2.26280426979065
"615",615,8.89999961853027,0,1,0,14,9,29,0,0,2.1860511302948
"616",616,16.6700000762939,0,0,0,12,3,21,1,0,2.81361079216003
"617",617,11,0,0,0,12,3,21,0,0,2.39789533615112
"618",618,7.69999980926514,1,1,0,12,6,24,0,1,2.04122018814087
"619",619,14.4300003051758,0,0,0,12,20,38,1,0,2.66930937767029
"620",620,24.8700008392334,1,0,0,16,28,50,0,0,3.21366238594055
"621",621,19,1,1,0,14,18,38,0,1,2.94443893432617
"622",622,4.5,1,1,0,12,16,34,0,1,1.50407743453979
"623",623,6,0,1,0,12,47,65,0,0,1.7917594909668
"624",624,21.0799999237061,0,0,0,16,14,36,1,0,3.04832482337952
"625",625,9.57999992370605,1,1,0,14,13,33,0,1,2.25967764854431
"626",626,12,0,0,0,12,30,48,0,0,2.4849066734314
"627",627,7.07000017166138,1,1,1,12,12,30,0,1,1.95586049556732
"628",628,7,1,0,0,12,16,34,1,0,1.94591009616852
"629",629,10.5799999237061,1,0,0,16,0,22,1,0,2.3589653968811
"630",630,8.56999969482422,1,0,0,12,27,45,1,0,2.14826774597168
"631",631,7.17999982833862,1,0,0,12,10,28,1,0,1.97129940986633
"632",632,9.60999965667725,1,0,0,12,13,31,1,0,2.26280426979065
"633",633,12.5,1,0,0,16,8,30,1,0,2.52572870254517
"634",634,6.25,1,1,0,12,16,34,0,1,1.83258152008057
"635",635,6,0,0,0,12,45,63,0,0,1.7917594909668
"636",636,10,1,0,0,12,4,22,0,0,2.30258512496948
"637",637,24.0300006866455,0,1,0,20,32,58,1,0,3.17930316925049
"638",638,38.4599990844727,0,0,0,16,18,40,1,0,3.64961862564087
"639",639,5.5,0,0,0,16,8,30,0,0,1.70474803447723
"640",640,14.4300003051758,0,0,0,18,17,41,1,0,2.66930937767029
"641",641,10,0,0,0,11,26,43,0,0,2.30258512496948
"642",642,18,0,0,0,16,21,43,0,0,2.89037179946899
"643",643,6.15000009536743,1,0,0,12,3,21,0,0,1.81645214557648
"644",644,23.75,0,0,1,18,28,52,1,0,3.16758251190186
"645",645,9.25,0,0,0,12,28,46,0,0,2.22462344169617
"646",646,8.07999992370605,0,0,0,12,29,47,1,0,2.0893919467926
"647",647,5,1,0,0,12,29,47,0,0,1.60943794250488
"648",648,12.3999996185303,0,0,0,12,18,36,0,0,2.51769638061523
"649",649,5,1,0,0,12,24,42,0,0,1.60943794250488
"650",650,6.92000007629395,0,0,0,12,26,44,1,0,1.93441581726074
"651",651,7.84000015258789,1,0,0,12,33,51,0,0,2.05923891067505
"652",652,6.88000011444092,1,0,0,12,16,34,1,0,1.92861866950989
"653",653,6.34999990463257,1,0,0,12,15,33,0,0,1.8484548330307
"654",654,8.25,1,0,0,12,17,35,0,0,2.11021327972412
"655",655,12.8000001907349,0,0,0,14,27,47,0,0,2.54944515228271
"656",656,19.2399997711182,1,0,0,12,25,43,1,0,2.95699143409729
"657",657,15,1,0,0,14,14,34,0,0,2.70805025100708
"658",658,7,1,0,0,16,8,30,0,0,1.94591009616852
"659",659,6,0,0,0,12,5,23,0,0,1.7917594909668
"660",660,7.30000019073486,1,0,0,16,17,39,1,0,1.98787438869476
"661",661,5,1,0,0,12,3,21,0,0,1.60943794250488
"662",662,20.8500003814697,1,0,0,16,19,41,1,0,3.03735399246216
"663",663,12.25,1,0,0,16,0,22,0,0,2.50552582740784
"664",664,6.73000001907349,1,0,0,12,9,27,1,0,1.90657520294189
"665",665,11.539999961853,0,0,0,18,32,56,1,0,2.44581913948059
"666",666,5,1,0,0,12,31,49,1,0,1.60943794250488
"667",667,20.2000007629395,0,0,0,12,31,49,1,0,3.00568270683289
"668",668,18.75,0,0,1,12,34,52,1,0,2.93119382858276
"669",669,4.90000009536743,0,0,0,16,1,23,1,0,1.58923518657684
"670",670,9.61999988555908,0,0,0,12,10,28,1,0,2.26384425163269
"671",671,8.64999961853027,0,0,0,14,24,44,1,0,2.15755939483643
"672",672,9.18000030517578,1,0,0,14,7,27,1,0,2.21702718734741
"673",673,5,0,0,0,12,6,24,0,0,1.60943794250488
"674",674,7.5,0,0,0,12,41,59,1,0,2.01490306854248
"675",675,20.2000007629395,0,1,0,16,37,59,1,0,3.00568270683289
"676",676,4.65999984741211,1,0,0,12,6,24,0,0,1.53901541233063
"677",677,4.25,0,0,0,11,19,36,0,0,1.44691896438599
"678",678,9.23999977111816,1,0,1,16,2,24,1,0,2.22354197502136
"679",679,13.460000038147,0,1,0,12,15,33,1,0,2.59972238540649
"680",680,13.6400003433228,0,0,0,14,21,41,1,0,2.61300659179688
"681",681,7.5,0,1,0,7,14,27,0,0,2.01490306854248
"682",682,7.25,0,1,0,16,30,52,0,0,1.981001496315
"683",683,9.22999954223633,1,1,0,12,10,28,1,1,2.22245907783508
"684",684,14.3999996185303,0,0,1,12,32,50,1,0,2.66722822189331
"685",685,13,1,0,0,12,9,27,0,0,2.56494927406311
"686",686,15.5799999237061,0,0,1,12,35,53,1,0,2.74598813056946
"687",687,5.78000020980835,1,0,0,12,30,48,1,0,1.7544037103653
"688",688,15.5600004196167,0,0,0,12,21,39,1,0,2.74470353126526
"689",689,13.8900003433228,1,0,0,12,18,36,1,0,2.63116908073425
"690",690,18.4500007629395,0,0,0,12,35,53,1,0,2.91506433486938
"691",691,6,0,0,0,12,5,23,0,0,1.7917594909668
"692",692,5,1,0,0,12,23,41,0,0,1.60943794250488
"693",693,7.1399998664856,1,0,0,12,5,23,0,0,1.96571278572083
"694",694,7.07999992370605,0,0,0,12,21,39,1,0,1.95727384090424
"695",695,5,0,0,0,12,13,31,1,0,1.60943794250488
"696",696,13.460000038147,1,0,1,18,24,48,1,0,2.59972238540649
"697",697,33,0,0,0,12,47,65,0,0,3.49650764465332
"698",698,12.9099998474121,0,0,1,11,21,38,0,0,2.55800223350525
"699",699,4.5,1,0,0,14,13,33,0,0,1.50407743453979
"700",700,5,1,0,1,12,17,35,0,0,1.60943794250488
"701",701,13,0,0,1,12,13,31,0,0,2.56494927406311
"702",702,10,1,0,0,10,23,39,0,0,2.30258512496948
"703",703,34.9599990844727,1,0,0,20,6,32,1,0,3.55420446395874
"704",704,12.6599998474121,1,1,1,14,6,26,1,1,2.53844738006592
"705",705,17.2999992370605,0,1,0,18,4,28,1,0,2.85070633888245
"706",706,18.2900009155273,1,0,1,12,30,48,1,0,2.90635442733765
"707",707,48.0800018310547,0,0,0,16,2,24,1,0,3.87286639213562
"708",708,19.2399997711182,0,0,0,16,28,50,1,0,2.95699143409729
"709",709,12,0,0,0,12,25,43,0,0,2.4849066734314
"710",710,22.7299995422363,1,0,1,16,42,64,1,0,3.12368559837341
"711",711,12,0,0,0,12,20,38,1,0,2.4849066734314
"712",712,17.7800006866455,1,0,0,14,24,44,1,0,2.87807416915894
"713",713,8.89000034332275,1,0,0,12,37,55,1,0,2.18492698669434
"714",714,15,0,0,1,12,35,53,0,0,2.70805025100708
"715",715,13,1,0,1,11,33,50,0,0,2.56494927406311
"716",716,64.0800018310547,1,0,0,16,12,34,1,0,4.16013240814209
"717",717,14,0,0,0,12,23,41,1,0,2.63905739784241
"718",718,12,0,0,0,14,9,29,0,0,2.4849066734314
"719",719,7,0,1,0,5,22,33,0,0,1.94591009616852
"720",720,27.7000007629395,0,0,0,16,15,37,1,0,3.32143235206604
"721",721,9,0,0,0,12,11,29,0,0,2.19722461700439
"722",722,11,0,0,0,12,27,45,0,0,2.39789533615112
"723",723,1.57000005245209,0,1,0,16,6,28,1,0,0.45107564330101
"724",724,6.05000019073486,1,1,0,12,4,22,0,1,1.80005824565887
"725",725,15,1,0,0,12,27,45,0,0,2.70805025100708
"726",726,19.25,0,0,1,12,22,40,1,0,2.95751094818115
"727",727,10.4200000762939,0,0,0,16,19,41,1,0,2.34372711181641
"728",728,10.3000001907349,0,0,0,12,32,50,0,0,2.33214402198792
"729",729,13.8400001525879,0,0,0,16,11,33,1,0,2.62756299972534
"730",730,12,1,0,1,12,17,35,0,0,2.4849066734314
"731",731,8.64999961853027,0,0,0,12,13,31,0,0,2.15755939483643
"732",732,30.2399997711182,1,0,1,18,22,46,1,0,3.40916562080383
"733",733,11.5,1,0,0,12,22,40,0,0,2.44234704971313
"734",734,11.539999961853,0,0,0,12,14,32,1,0,2.44581913948059
"735",735,20.2000007629395,0,0,0,16,6,28,1,0,3.00568270683289
"736",736,50,1,0,0,16,7,29,0,0,3.91202306747437
"737",737,13,0,0,1,12,42,60,0,0,2.56494927406311
"738",738,4.25,1,0,0,12,25,43,0,0,1.44691896438599
"739",739,7.69999980926514,0,0,1,12,45,63,1,0,2.04122018814087
"740",740,15.9399995803833,1,0,0,12,16,34,1,0,2.76883172988892
"741",741,25.8199996948242,0,0,1,12,33,51,0,0,3.25114941596985
"742",742,14,1,0,0,12,33,51,0,0,2.63905739784241
"743",743,12.5,1,0,1,14,30,50,0,0,2.52572870254517
"744",744,25.2900009155273,1,0,0,12,44,62,1,0,3.23040914535522
"745",745,8.64999961853027,0,0,0,12,14,32,0,0,2.15755939483643
"746",746,14,0,0,1,12,8,26,0,0,2.63905739784241
"747",747,12,0,0,0,12,28,46,0,0,2.4849066734314
"748",748,14.4300003051758,0,0,1,16,22,44,1,0,2.66930937767029
"749",749,29.9099998474121,0,0,0,18,22,46,1,0,3.39819288253784
"750",750,10.25,0,0,0,16,11,33,0,0,2.32727766036987
"751",751,18.8400001525879,0,0,0,18,27,51,1,0,2.93598222732544
"752",752,12,1,0,0,12,43,61,1,0,2.4849066734314
"753",753,25,0,0,1,12,43,61,0,0,3.21887588500977
"754",754,6.65000009536743,1,0,0,14,17,37,0,0,1.8946168422699
"755",755,18,0,1,1,12,47,65,0,0,2.89037179946899
"756",756,5,0,1,0,16,26,48,1,0,1.60943794250488
"757",757,6.5,1,0,0,12,28,46,0,0,1.8718022108078
"758",758,23.0799999237061,0,0,0,18,15,39,1,0,3.13896632194519
"759",759,10.5,0,0,0,12,7,25,0,0,2.35137534141541
"760",760,10,0,0,1,12,6,24,0,0,2.30258512496948
"761",761,8.75,0,1,0,12,4,22,1,0,2.16905379295349
"762",762,15.4700002670288,1,1,0,14,21,41,0,1,2.73890256881714
"763",763,42.5499992370605,0,0,0,20,27,53,1,0,3.75067973136902
"764",764,6,1,1,0,12,3,21,0,1,1.7917594909668
"765",765,6.25,1,0,0,12,12,30,1,0,1.83258152008057
"766",766,4,1,0,0,10,6,22,0,0,1.3862943649292
"767",767,16.8299999237061,0,0,0,12,42,60,1,0,2.82316303253174
"768",768,7,0,0,0,12,6,24,0,0,1.94591009616852
"769",769,5.44000005722046,0,0,0,20,36,62,1,0,1.69377911090851
"770",770,5,1,0,0,11,1,18,0,0,1.60943794250488
"771",771,11,0,0,0,14,25,45,0,0,2.39789533615112
"772",772,6.88000011444092,0,1,0,12,13,31,1,0,1.92861866950989
"773",773,11,0,1,1,12,10,28,0,0,2.39789533615112
"774",774,19.2399997711182,0,0,0,18,9,33,1,0,2.95699143409729
"775",775,10.1000003814697,0,0,0,12,30,48,0,0,2.31253552436829
"776",776,9.52999973297119,0,0,0,12,13,31,0,0,2.25444459915161
"777",777,9.35000038146973,0,0,1,12,17,35,0,0,2.23537635803223
"778",778,7,0,1,0,12,18,36,0,0,1.94591009616852
"779",779,31.8600006103516,0,0,0,12,31,49,1,0,3.46135139465332
"780",780,12.5,1,0,1,12,34,52,0,0,2.52572870254517
"781",781,28.8500003814697,1,0,0,16,10,32,1,0,3.36210989952087
"782",782,8,1,0,0,12,9,27,0,0,2.0794415473938
"783",783,12.1800003051758,0,0,1,16,9,31,1,0,2.49979519844055
"784",784,5,0,0,0,11,14,31,0,0,1.60943794250488
"785",785,7.25,1,0,0,12,20,38,0,0,1.981001496315
"786",786,18,1,0,0,16,17,39,0,0,2.89037179946899
"787",787,8,0,0,1,12,12,30,0,0,2.0794415473938
"788",788,8,0,0,1,12,10,28,0,0,2.0794415473938
"789",789,16,1,0,0,16,12,34,1,0,2.7725887298584
"790",790,8.64999961853027,0,0,0,12,22,40,1,0,2.15755939483643
"791",791,14.4899997711182,0,0,1,12,33,51,0,0,2.67345881462097
"792",792,3.75,1,0,0,12,31,49,1,0,1.32175588607788
"793",793,7.5,0,0,0,16,4,26,1,0,2.01490306854248
"794",794,9,1,0,0,12,0,18,1,0,2.19722461700439
"795",795,3.5,0,1,0,12,4,22,1,0,1.25276291370392
"796",796,27.5,0,1,1,12,30,48,1,0,3.31418609619141
"797",797,20,0,0,0,12,11,29,0,0,2.99573230743408
"798",798,12,1,1,1,12,24,42,0,1,2.4849066734314
"799",799,3.75,1,1,1,0,56,62,1,1,1.32175588607788
"800",800,45,1,0,0,18,16,40,0,0,3.80666255950928
"801",801,6,1,0,0,9,13,28,0,0,1.7917594909668
"802",802,21.1499996185303,1,0,0,20,3,29,1,0,3.05163979530334
"803",803,16.8299999237061,0,1,0,16,14,36,1,0,2.82316303253174
"804",804,8.05000019073486,0,0,0,14,24,44,0,0,2.08567214012146
"805",805,22.2199993133545,0,0,0,16,15,37,1,0,3.10099267959595
"806",806,3.07999992370605,0,1,0,12,11,29,1,0,1.12492954730988
"807",807,42.7299995422363,0,0,0,18,16,40,1,0,3.75490117073059
"808",808,35,1,0,1,12,19,37,1,0,3.55534815788269
"809",809,49.4599990844727,0,0,0,16,23,45,1,0,3.90116429328918
"810",810,17.2999992370605,0,0,0,12,32,50,1,0,2.85070633888245
"811",811,15.8500003814697,1,0,0,12,30,48,1,0,2.76316952705383
"812",812,11.2200002670288,1,0,0,18,21,45,1,0,2.41769790649414
"813",813,17.2800006866455,1,0,1,16,43,65,0,0,2.84954977035522
"814",814,5,1,0,0,12,15,33,0,0,1.60943794250488
"815",815,11.25,1,0,0,12,9,27,1,0,2.42036819458008
"816",816,13,0,1,1,5,34,45,0,0,2.56494927406311
"817",817,26.9200000762939,0,0,0,18,11,35,1,0,3.29286956787109
"818",818,6.25,1,1,0,12,13,31,1,1,1.83258152008057
"819",819,48.0800018310547,1,0,0,16,20,42,1,0,3.87286639213562
"820",820,19.2199993133545,0,0,0,16,14,36,1,0,2.95595145225525
"821",821,13.75,1,0,0,14,8,28,1,0,2.62103891372681
"822",822,9.26000022888184,0,0,0,16,26,48,1,0,2.22570395469666
"823",823,6.5,1,0,0,14,7,27,0,0,1.8718022108078
"824",824,6.59999990463257,1,0,0,16,0,22,0,0,1.88706958293915
"825",825,14.289999961853,1,0,0,14,30,50,1,0,2.65955996513367
"826",826,15.710000038147,1,0,0,16,13,35,1,0,2.75429749488831
"827",827,23.5499992370605,0,0,0,18,26,50,1,0,3.15912580490112
"828",828,16.0300006866455,0,0,0,12,12,30,1,0,2.7744619846344
"829",829,18,0,1,1,12,30,48,0,0,2.89037179946899
"830",830,12.1400003433228,0,1,1,12,23,41,0,0,2.49650573730469
"831",831,12,0,1,0,18,6,30,0,0,2.4849066734314
"832",832,17.7600002288818,1,0,0,12,38,56,1,0,2.87694883346558
"833",833,18,0,0,1,12,23,41,0,0,2.89037179946899
"834",834,11,0,0,0,12,17,35,0,0,2.39789533615112
"835",835,12,0,0,1,12,30,48,0,0,2.4849066734314
"836",836,9.22000026702881,0,0,0,12,30,48,1,0,2.22137498855591
"837",837,4.25,1,0,0,12,21,39,0,0,1.44691896438599
"838",838,17.9599990844727,1,0,0,16,7,29,1,0,2.8881471157074
"839",839,6,1,0,1,12,0,18,0,0,1.7917594909668
"840",840,11.25,0,0,1,12,15,33,1,0,2.42036819458008
"841",841,12.7299995422363,1,0,1,18,17,41,1,0,2.5439612865448
"842",842,8,0,0,1,12,20,38,0,0,2.0794415473938
"843",843,4.75,1,0,0,10,3,19,0,0,1.55814456939697
"844",844,7.34999990463257,1,0,0,12,18,36,0,0,1.99470031261444
"845",845,27.7000007629395,1,0,0,12,33,51,1,0,3.32143235206604
"846",846,19.2299995422363,0,0,0,18,27,51,1,0,2.95647144317627
"847",847,9.05000019073486,1,0,0,12,27,45,1,0,2.20276474952698
"848",848,19.2299995422363,0,0,0,12,14,32,1,0,2.95647144317627
"849",849,8.84000015258789,0,0,0,16,0,22,1,0,2.17928695678711
"850",850,17.2999992370605,0,0,0,18,20,44,1,0,2.85070633888245
"851",851,13.4499998092651,1,0,1,16,23,45,1,0,2.59897899627686
"852",852,8.5,0,0,0,12,25,43,0,0,2.14006614685059
"853",853,12.6599998474121,1,0,0,16,20,42,1,0,2.53844738006592
"854",854,18.6000003814697,1,0,0,16,4,26,1,0,2.92316150665283
"855",855,11.2200002670288,0,0,0,14,26,46,1,0,2.41769790649414
"856",856,10.3500003814697,0,0,0,12,4,22,1,0,2.33698654174805
"857",857,14.4399995803833,0,0,0,12,43,61,1,0,2.67000222206116
"858",858,6.65999984741211,1,0,0,12,40,58,0,0,1.89611947536469
"859",859,13.6499996185303,0,0,0,7,35,48,1,0,2.61373949050903
"860",860,4.34999990463257,1,1,0,12,23,41,0,1,1.47017586231232
"861",861,14.4300003051758,0,0,0,12,30,48,1,0,2.66930937767029
"862",862,6.25,1,0,0,12,44,62,1,0,1.83258152008057
"863",863,16.2000007629395,1,0,0,16,21,43,0,0,2.78501129150391
"864",864,7.5,1,1,0,12,16,34,0,1,2.01490306854248
"865",865,5,0,1,0,12,7,25,0,0,1.60943794250488
"866",866,6,1,0,0,12,19,37,0,0,1.7917594909668
"867",867,38.4599990844727,0,0,0,18,21,45,1,0,3.64961862564087
"868",868,34.9599990844727,0,0,0,18,24,48,1,0,3.55420446395874
"869",869,10.7799997329712,0,0,0,12,30,48,1,0,2.37769246101379
"870",870,16.8299999237061,0,0,0,12,43,61,1,0,2.82316303253174
"871",871,32.0499992370605,0,0,0,20,23,49,1,0,3.46729707717896
"872",872,5,1,0,0,10,42,58,0,0,1.60943794250488
"873",873,12.0299997329712,0,0,1,10,34,50,1,0,2.48740339279175
"874",874,9.31999969482422,0,0,0,12,11,29,0,0,2.23216271400452
"875",875,8,0,0,0,12,9,27,0,0,2.0794415473938
"876",876,5.5,1,0,0,12,33,51,0,0,1.70474803447723
"877",877,6,1,0,0,12,13,31,0,0,1.7917594909668
"878",878,7,0,0,0,7,17,30,0,0,1.94591009616852
"879",879,33.3300018310547,0,0,0,16,7,29,1,0,3.50645804405212
"880",880,5,1,0,0,12,10,28,0,0,1.60943794250488
"881",881,8.3100004196167,1,0,0,12,10,28,0,0,2.11745977401733
"882",882,15,1,0,0,14,7,27,0,0,2.70805025100708
"883",883,22.1299991607666,0,0,0,16,28,50,1,0,3.0969340801239
"884",884,17.8600006103516,1,0,1,18,20,44,1,0,2.88256359100342
"885",885,32.0499992370605,0,0,1,16,12,34,0,0,3.46729707717896
"886",886,23.5,0,0,0,16,10,32,0,0,3.15700030326843
"887",887,30.6200008392334,0,0,0,18,15,39,1,0,3.42165350914001
"888",888,16,1,0,0,12,29,47,0,0,2.7725887298584
"889",889,3.84999990463257,1,0,0,14,3,23,1,0,1.34807312488556
"890",890,6.23999977111816,1,1,0,12,26,44,0,1,1.83098018169403
"891",891,6.88000011444092,0,0,0,7,39,52,0,0,1.92861866950989
"892",892,6.67000007629395,0,0,0,10,37,53,1,0,1.89761984348297
"893",893,7.5,1,0,0,12,34,52,0,0,2.01490306854248
"894",894,9.69999980926514,0,0,0,9,30,45,0,0,2.27212595939636
"895",895,6.51999998092651,0,0,0,9,34,49,0,0,1.87487435340881
"896",896,9.60000038146973,1,0,0,16,25,47,1,0,2.26176309585571
"897",897,11,1,0,0,16,11,33,0,0,2.39789533615112
"898",898,11.0500001907349,1,0,0,16,2,24,1,0,2.40243053436279
"899",899,6.5,1,1,0,9,21,36,0,1,1.8718022108078
"900",900,5.75,0,0,0,16,13,35,0,0,1.74919986724854
"901",901,5.40000009536743,1,0,0,12,2,20,0,0,1.68639898300171
"902",902,6.78000020980835,1,0,0,12,2,20,1,0,1.91397714614868
"903",903,16,1,0,0,12,44,62,0,0,2.7725887298584
"904",904,10.1599998474121,0,0,0,12,25,43,0,0,2.31845831871033
"905",905,1.5,1,0,0,14,17,37,0,0,0.405465096235275
"906",906,9.32999992370605,0,0,0,16,4,26,1,0,2.23323512077332
"907",907,13.5200004577637,1,0,1,12,27,45,0,0,2.60417008399963
"908",908,4.25,0,0,0,12,4,22,0,0,1.44691896438599
"909",909,15,0,0,1,12,29,47,0,0,2.70805025100708
"910",910,18.1299991607666,0,0,1,14,22,42,0,0,2.89756798744202
"911",911,6.25,0,0,0,12,22,40,0,0,1.83258152008057
"912",912,5.80000019073486,0,0,0,12,3,21,0,0,1.75785791873932
"913",913,4.25,1,0,0,12,1,19,0,0,1.44691896438599
"914",914,6.34999990463257,1,0,0,12,44,62,0,0,1.8484548330307
"915",915,14.4300003051758,1,0,1,18,21,45,1,0,2.66930937767029
"916",916,11,0,0,0,0,51,57,0,0,2.39789533615112
"917",917,12.0299997329712,1,1,1,16,41,63,1,1,2.48740339279175
"918",918,9,1,1,0,12,15,33,0,1,2.19722461700439
"919",919,6.5,1,0,0,16,4,26,0,0,1.8718022108078
"920",920,9.78999996185303,1,0,0,16,8,30,0,0,2.28136134147644
"921",921,6.15000009536743,0,0,0,12,21,39,1,0,1.81645214557648
"922",922,12.2200002670288,0,0,1,16,9,31,1,0,2.50307393074036
"923",923,6.19999980926514,1,0,0,12,26,44,0,0,1.82454931735992
"924",924,22.1599998474121,0,0,0,12,40,58,1,0,3.09828877449036
"925",925,12.8800001144409,0,0,1,12,24,42,0,0,2.55567574501038
"926",926,12.1999998092651,0,0,0,12,26,44,0,0,2.50143599510193
"927",927,28.8400001525879,0,0,0,18,15,39,1,0,3.36176323890686
"928",928,6,1,0,0,12,4,22,0,0,1.7917594909668
"929",929,13,1,0,0,14,31,51,0,0,2.56494927406311
"930",930,5,1,1,0,10,26,42,0,1,1.60943794250488
"931",931,9.52000045776367,1,0,0,12,44,62,1,0,2.25339484214783
"932",932,7,1,0,0,12,13,31,0,0,1.94591009616852
"933",933,9.5,0,0,0,12,20,38,0,0,2.25129175186157
"934",934,2,0,0,0,11,1,18,0,0,0.6931471824646
"935",935,15.8199996948242,0,0,0,12,9,27,1,0,2.76127505302429
"936",936,30,1,0,0,20,17,43,1,0,3.40119743347168
"937",937,9.61999988555908,1,0,0,14,5,25,1,0,2.26384425163269
"938",938,14.8400001525879,1,0,0,12,44,62,0,0,2.69732618331909
"939",939,11.5,0,0,0,16,4,26,0,0,2.44234704971313
"940",940,31.25,0,0,0,16,39,61,1,0,3.44201946258545
"941",941,33.560001373291,0,0,0,18,17,41,1,0,3.51333498954773
"942",942,5,1,0,0,16,22,44,0,0,1.60943794250488
"943",943,29.5799999237061,0,0,0,16,31,53,1,0,3.38709855079651
"944",944,9.13000011444092,1,0,0,12,33,51,1,0,2.21156573295593
"945",945,8.89000034332275,0,0,0,16,16,38,1,0,2.18492698669434
"946",946,5.25,0,0,0,12,5,23,0,0,1.65822803974152
"947",947,11,1,0,1,12,18,36,0,0,2.39789533615112
"948",948,15.3500003814697,0,0,0,12,23,41,0,0,2.7311155796051
"949",949,10.8500003814697,1,0,0,18,18,42,1,0,2.38416504859924
"950",950,11.3199996948242,0,0,0,12,13,31,0,0,2.42657113075256
"951",951,6.65000009536743,1,0,0,12,23,41,0,0,1.8946168422699
"952",952,5,1,0,0,12,1,19,0,0,1.60943794250488
"953",953,10.210000038147,1,0,1,12,12,30,0,0,2.32336759567261
"954",954,5.51000022888184,1,0,0,12,22,40,0,0,1.7065646648407
"955",955,10,0,0,0,16,37,59,0,0,2.30258512496948
"956",956,20,0,0,0,12,20,38,0,0,2.99573230743408
"957",957,1.14999997615814,0,0,0,12,43,61,1,0,0.139761924743652
"958",958,14.4300003051758,0,0,0,12,16,34,1,0,2.66930937767029
"959",959,9.30000019073486,1,0,0,12,24,42,0,0,2.23001432418823
"960",960,8,0,0,0,12,6,24,0,0,2.0794415473938
"961",961,7.96000003814697,1,0,0,12,30,48,0,0,2.07442903518677
"962",962,11,0,0,1,12,19,37,0,0,2.39789533615112
"963",963,5,0,0,0,12,29,47,0,0,1.60943794250488
"964",964,33.6500015258789,0,0,0,16,27,49,1,0,3.51601314544678
"965",965,5.5,1,0,0,12,13,31,0,0,1.70474803447723
"966",966,14.8599996566772,0,0,0,12,17,35,1,0,2.69867300987244
"967",967,4.5,1,0,0,11,1,18,0,0,1.50407743453979
"968",968,12.3000001907349,0,0,1,16,18,40,1,0,2.50959920883179
"969",969,42.7299995422363,0,0,0,16,24,46,1,0,3.75490117073059
"970",970,18.6599998474121,1,0,1,12,31,49,0,0,2.92638230323792
"971",971,11,1,0,0,12,26,44,1,0,2.39789533615112
"972",972,10,1,0,0,16,2,24,0,0,2.30258512496948
"973",973,7,0,0,1,12,34,52,0,0,1.94591009616852
"974",974,11.7200002670288,0,0,0,12,32,50,0,0,2.46129679679871
"975",975,5,1,0,0,12,3,21,0,0,1.60943794250488
"976",976,18.25,0,0,0,12,25,43,0,0,2.90416502952576
"977",977,5.5,0,0,0,12,35,53,0,0,1.70474803447723
"978",978,6,1,0,0,12,14,32,0,0,1.7917594909668
"979",979,5.44999980926514,1,0,0,12,18,36,0,0,1.69561553001404
"980",980,5.82999992370605,1,0,0,12,46,64,1,0,1.76301693916321
"981",981,14.4300003051758,0,0,0,12,27,45,1,0,2.66930937767029
"982",982,6.73000001907349,1,0,0,12,12,30,1,0,1.90657520294189
"983",983,12.5699996948242,0,1,1,12,28,46,0,0,2.53131294250488
"984",984,5,0,0,0,12,6,24,0,0,1.60943794250488
"985",985,8.39999961853027,0,1,0,14,30,50,1,0,2.12823176383972
"986",986,4.69999980926514,1,0,0,11,1,18,0,0,1.54756247997284
"987",987,10.25,1,0,0,12,11,29,0,0,2.32727766036987
"988",988,12.4099998474121,0,0,1,12,8,26,0,0,2.51850247383118
"989",989,5.44999980926514,1,0,0,12,39,57,0,0,1.69561553001404
"990",990,48.0699996948242,0,0,0,20,37,63,1,0,3.87265825271606
"991",991,19,1,0,1,14,14,34,0,0,2.94443893432617
"992",992,8.86999988555908,0,0,0,14,25,45,0,0,2.18267488479614
"993",993,7.5,0,0,0,12,10,28,0,0,2.01490306854248
"994",994,10.3299999237061,1,0,0,12,42,60,1,0,2.3350522518158
"995",995,10,0,0,0,18,20,44,0,0,2.30258512496948
"996",996,10.1300001144409,1,0,0,16,2,24,1,0,2.31550121307373
"997",997,14.6300001144409,0,0,0,16,30,52,1,0,2.68307423591614
"998",998,11.6800003051758,1,0,0,12,19,37,1,0,2.45787811279297
"999",999,12.5,0,0,0,14,9,29,1,0,2.52572870254517
"1000",1000,6.92000007629395,1,0,0,11,28,45,1,0,1.93441581726074
"1001",1001,13,0,0,0,16,5,27,0,0,2.56494927406311
"1002",1002,11.7700004577637,0,0,1,12,36,54,0,0,2.46555399894714
"1003",1003,6.5,1,1,0,12,7,25,0,1,1.8718022108078
"1004",1004,17.75,0,0,0,18,9,33,0,0,2.87638545036316
"1005",1005,9,1,0,0,14,10,30,0,0,2.19722461700439
"1006",1006,13,1,0,0,12,33,51,0,0,2.56494927406311
"1007",1007,13.4499998092651,0,0,0,16,12,34,1,0,2.59897899627686
"1008",1008,11,1,0,0,12,21,39,0,0,2.39789533615112
"1009",1009,7.55000019073486,0,0,0,16,9,31,0,0,2.02154755592346
"1010",1010,7,1,0,0,12,27,45,0,0,1.94591009616852
"1011",1011,20.2000007629395,0,0,0,16,29,51,1,0,3.00568270683289
"1012",1012,16.3500003814697,0,0,1,12,34,52,0,0,2.79422783851624
"1013",1013,13.460000038147,0,0,0,12,19,37,1,0,2.59972238540649
"1014",1014,12.5,0,0,0,12,29,47,1,0,2.52572870254517
"1015",1015,9.5,0,0,0,12,14,32,0,0,2.25129175186157
"1016",1016,20.1800003051758,0,0,0,18,17,41,1,0,3.00469207763672
"1017",1017,5,1,1,0,12,6,24,1,1,1.60943794250488
"1018",1018,5.25,1,0,0,12,6,24,0,0,1.65822803974152
"1019",1019,15,0,0,0,11,8,25,0,0,2.70805025100708
"1020",1020,4.25,0,0,0,16,16,38,0,0,1.44691896438599
"1021",1021,7.5,0,0,0,10,6,22,0,0,2.01490306854248
"1022",1022,15,0,0,0,12,34,52,0,0,2.70805025100708
"1023",1023,7.25,0,0,0,12,4,22,0,0,1.981001496315
"1024",1024,18,0,0,1,12,6,24,0,0,2.89037179946899
"1025",1025,23.0799999237061,0,0,0,12,16,34,1,0,3.13896632194519
"1026",1026,9.97999954223633,0,0,0,12,16,34,0,0,2.30058312416077
"1027",1027,6,1,0,0,16,1,23,0,0,1.7917594909668
"1028",1028,6.34999990463257,1,0,0,12,21,39,0,0,1.8484548330307
"1029",1029,6.15000009536743,0,0,0,12,5,23,0,0,1.81645214557648
"1030",1030,13,0,0,1,12,21,39,0,0,2.56494927406311
"1031",1031,9.63000011444092,1,0,0,12,7,25,1,0,2.26488327980042
"1032",1032,14.3999996185303,1,0,0,12,18,36,0,0,2.66722822189331
"1033",1033,6.25,1,0,0,16,19,41,1,0,1.83258152008057
"1034",1034,10.9300003051758,1,0,0,12,17,35,1,0,2.3915114402771
"1035",1035,14.4399995803833,0,0,0,14,19,39,1,0,2.67000222206116
"1036",1036,6,0,0,0,12,5,23,0,0,1.7917594909668
"1037",1037,4.75,0,0,0,11,1,18,0,0,1.55814456939697
"1038",1038,22.7600002288818,0,0,0,16,14,36,1,0,3.125004529953
"1039",1039,14.3999996185303,1,0,1,18,4,28,1,0,2.66722822189331
"1040",1040,5.75,1,1,0,16,18,40,0,1,1.74919986724854
"1041",1041,25.3999996185303,1,0,0,18,18,42,0,0,3.23474907875061
"1042",1042,15.75,1,0,0,12,9,27,1,0,2.756840467453
"1043",1043,11,0,0,0,12,29,47,0,0,2.39789533615112
"1044",1044,6,1,0,1,12,3,21,0,0,1.7917594909668
"1045",1045,7.5,1,1,0,12,14,32,1,1,2.01490306854248
"1046",1046,13.6999998092651,0,1,0,14,27,47,0,0,2.61739587783813
"1047",1047,7.5,0,1,0,11,2,19,0,0,2.01490306854248
"1048",1048,7.19999980926514,1,1,0,12,16,34,1,1,1.97408103942871
"1049",1049,9,0,1,0,12,3,21,1,0,2.19722461700439
"1050",1050,17,0,0,1,12,38,56,0,0,2.83321332931519
"1051",1051,4.75,0,0,0,12,42,60,0,0,1.55814456939697
"1052",1052,5.59999990463257,0,0,0,12,7,25,0,0,1.72276663780212
"1053",1053,9.5600004196167,1,0,0,12,34,52,0,0,2.25758767127991
"1054",1054,12.1999998092651,0,0,1,12,21,39,0,0,2.50143599510193
"1055",1055,12.5,0,0,0,20,8,34,1,0,2.52572870254517
"1056",1056,27.2000007629395,0,0,1,16,23,45,1,0,3.3032169342041
"1057",1057,29.9699993133545,0,0,1,18,22,46,1,0,3.40019679069519
"1058",1058,9,0,0,0,18,36,60,0,0,2.19722461700439
"1059",1059,7.73999977111816,0,0,0,12,14,32,0,0,2.04640173912048
"1060",1060,22.2199993133545,1,0,1,20,4,30,0,0,3.10099267959595
"1061",1061,13.6499996185303,0,0,0,12,17,35,0,0,2.61373949050903
"1062",1062,4.84999990463257,1,0,0,12,2,20,0,0,1.57897865772247
"1063",1063,12.9799995422363,1,0,0,16,26,48,1,0,2.56340956687927
"1064",1064,5,1,0,0,12,38,56,0,0,1.60943794250488
"1065",1065,16,0,0,0,12,22,40,0,0,2.7725887298584
"1066",1066,11.25,1,0,0,16,4,26,1,0,2.42036819458008
"1067",1067,6.5,0,1,0,9,11,26,0,0,1.8718022108078
"1068",1068,6.19999980926514,1,0,0,12,1,19,0,0,1.82454931735992
"1069",1069,5,1,0,0,12,23,41,0,0,1.60943794250488
"1070",1070,6.94000005722046,1,0,0,11,22,39,1,0,1.93730175495148
"1071",1071,50,1,0,0,10,36,52,0,0,3.91202306747437
"1072",1072,10.8400001525879,0,0,0,12,11,29,1,0,2.38324308395386
"1073",1073,34.9599990844727,0,0,0,20,20,46,1,0,3.55420446395874
"1074",1074,5.90000009536743,1,1,0,12,13,31,0,1,1.77495241165161
"1075",1075,4.40000009536743,1,1,0,10,17,33,0,1,1.48160457611084
"1076",1076,6,0,0,0,12,22,40,0,0,1.7917594909668
"1077",1077,13,0,0,0,10,29,45,0,0,2.56494927406311
"1078",1078,5.69999980926514,1,0,0,11,1,18,0,0,1.74046611785889
"1079",1079,8.64999961853027,0,0,0,16,13,35,1,0,2.15755939483643
"1080",1080,7.44999980926514,1,0,0,12,30,48,0,0,2.00821399688721
"1081",1081,14.0699996948242,0,0,0,12,23,41,1,0,2.64404487609863
"1082",1082,6,0,0,0,14,3,23,0,0,1.7917594909668
"1083",1083,9.93000030517578,0,1,1,12,13,31,0,0,2.29556059837341
"1084",1084,12.1999998092651,1,1,0,16,33,55,0,1,2.50143599510193
"1085",1085,7.07999992370605,1,0,0,14,20,40,0,0,1.95727384090424
"1086",1086,8.97999954223633,1,0,0,12,16,34,1,0,2.1949999332428
"1087",1087,13.4499998092651,0,0,0,16,4,26,1,0,2.59897899627686
"1088",1088,5.75,1,0,0,12,5,23,0,0,1.74919986724854
"1089",1089,5.05000019073486,0,0,0,16,17,39,1,0,1.6193882226944
"1090",1090,13.1999998092651,1,0,0,16,15,37,1,0,2.58021688461304
"1091",1091,31.25,0,0,0,14,20,40,1,0,3.44201946258545
"1092",1092,5.75,0,0,0,11,5,22,1,0,1.74919986724854
"1093",1093,6.5,1,0,0,16,1,23,0,0,1.8718022108078
"1094",1094,6.25,1,1,1,14,17,37,1,1,1.83258152008057
"1095",1095,18.75,0,1,1,12,26,44,1,0,2.93119382858276
"1096",1096,5.30000019073486,1,1,0,12,20,38,0,1,1.66770684719086
"1097",1097,2.07999992370605,1,1,0,12,9,27,1,1,0.732367873191833
"1098",1098,9,0,1,0,12,5,23,0,0,2.19722461700439
"1099",1099,11.75,0,0,0,16,10,32,1,0,2.46385335922241
"1100",1100,8.07999992370605,1,0,1,12,24,42,0,0,2.0893919467926
"1101",1101,9,0,0,0,12,18,36,0,0,2.19722461700439
"1102",1102,10,0,0,0,16,26,48,0,0,2.30258512496948
"1103",1103,7.69999980926514,0,0,0,12,6,24,1,0,2.04122018814087
"1104",1104,9,1,1,0,12,30,48,0,1,2.19722461700439
"1105",1105,8,0,1,1,12,6,24,0,0,2.0794415473938
"1106",1106,18,0,0,1,12,17,35,0,0,2.89037179946899
"1107",1107,11.25,0,1,1,12,9,27,1,0,2.42036819458008
"1108",1108,7.5,0,0,0,12,8,26,0,0,2.01490306854248
"1109",1109,7,1,1,0,10,37,53,0,1,1.94591009616852
"1110",1110,7.96999979019165,1,1,0,12,15,33,0,1,2.07568454742432
"1111",1111,8.6899995803833,1,0,0,12,21,39,0,0,2.16217279434204
"1112",1112,12.3800001144409,1,0,0,14,13,33,0,0,2.51608228683472
"1113",1113,18.9699993133545,0,0,0,12,14,32,1,0,2.94285869598389
"1114",1114,4.25,1,0,0,12,5,23,0,0,1.44691896438599
"1115",1115,11,1,0,0,14,27,47,0,0,2.39789533615112
"1116",1116,4.34999990463257,0,1,0,12,4,22,0,0,1.47017586231232
"1117",1117,5.5,1,0,0,12,37,55,0,0,1.70474803447723
"1118",1118,2.77999997138977,1,0,0,0,40,46,1,0,1.02245092391968
"1119",1119,11,0,0,0,14,28,48,0,0,2.39789533615112
"1120",1120,10.6999998092651,1,0,0,12,12,30,1,0,2.3702437877655
"1121",1121,14.1700000762939,0,0,0,14,31,51,1,0,2.65112709999084
"1122",1122,4.75,1,0,0,0,39,45,0,0,1.55814456939697
"1123",1123,24.0300006866455,0,0,0,20,7,33,1,0,3.17930316925049
"1124",1124,8,1,0,0,14,3,23,0,0,2.0794415473938
"1125",1125,9.81999969482422,1,0,0,18,26,50,1,0,2.28442120552063
"1126",1126,3.83999991416931,1,0,0,16,27,49,1,0,1.34547233581543
"1127",1127,3.83999991416931,1,0,0,16,12,34,1,0,1.34547233581543
"1128",1128,6.90999984741211,0,0,0,12,24,42,0,0,1.93296957015991
"1129",1129,5,0,1,0,9,3,18,0,0,1.60943794250488
"1130",1130,15,0,0,0,12,24,42,0,0,2.70805025100708
"1131",1131,5.75,1,0,0,12,22,40,0,0,1.74919986724854
"1132",1132,13.8000001907349,1,0,0,12,8,26,0,0,2.62466859817505
"1133",1133,16,1,0,0,12,22,40,1,0,2.7725887298584
"1134",1134,11.25,0,1,0,16,4,26,1,0,2.42036819458008
"1135",1135,19,0,0,0,12,21,39,0,0,2.94443893432617
"1136",1136,9.5,1,0,0,12,17,35,1,0,2.25129175186157
"1137",1137,5.75,1,0,0,12,22,40,0,0,1.74919986724854
"1138",1138,9.5,1,0,1,12,10,28,0,0,2.25129175186157
"1139",1139,14,0,0,0,12,19,37,0,0,2.63905739784241
"1140",1140,19.2299995422363,0,0,0,7,32,45,1,0,2.95647144317627
"1141",1141,17.5,1,0,0,12,5,23,1,0,2.86220097541809
"1142",1142,10,1,0,0,12,13,31,0,0,2.30258512496948
"1143",1143,5.5,1,0,0,12,23,41,0,0,1.70474803447723
"1144",1144,7,1,1,0,12,4,22,0,1,1.94591009616852
"1145",1145,8,0,0,0,12,5,23,0,0,2.0794415473938
"1146",1146,7,1,0,0,16,11,33,0,0,1.94591009616852
"1147",1147,8,0,0,0,12,3,21,1,0,2.0794415473938
"1148",1148,4.25,1,1,0,12,23,41,0,1,1.44691896438599
"1149",1149,13.75,0,0,0,16,17,39,1,0,2.62103891372681
"1150",1150,11,0,1,0,12,15,33,0,0,2.39789533615112
"1151",1151,4.5,1,1,0,12,27,45,0,1,1.50407743453979
"1152",1152,7.5,0,0,0,12,16,34,1,0,2.01490306854248
"1153",1153,31.4699993133545,0,0,0,12,20,38,1,0,3.44903469085693
"1154",1154,8,1,0,0,12,30,48,0,0,2.0794415473938
"1155",1155,38.75,1,0,0,16,7,29,1,0,3.6571307182312
"1156",1156,9.25,0,0,0,12,21,39,0,0,2.22462344169617
"1157",1157,14,0,0,0,10,23,39,0,0,2.63905739784241
"1158",1158,8,0,0,0,12,13,31,0,0,2.0794415473938
"1159",1159,11.0500001907349,1,0,0,14,31,51,1,0,2.40243053436279
"1160",1160,7,1,0,0,12,25,43,0,0,1.94591009616852
"1161",1161,4.5,1,0,0,12,3,21,0,0,1.50407743453979
"1162",1162,6.40000009536743,1,0,0,16,1,23,1,0,1.85629796981812
"1163",1163,14.5,0,0,0,12,17,35,0,0,2.67414855957031
"1164",1164,5,1,0,0,12,16,34,0,0,1.60943794250488
"1165",1165,7.25,1,0,0,12,2,20,0,0,1.981001496315
"1166",1166,10,1,0,1,12,19,37,0,0,2.30258512496948
"1167",1167,2.11999988555908,1,0,0,10,25,41,0,0,0.751416027545929
"1168",1168,6.90000009536743,1,0,0,12,19,37,0,0,1.93152141571045
"1169",1169,13.5,1,0,0,20,3,29,0,0,2.60268974304199
"1170",1170,2.90000009536743,1,0,1,12,23,41,1,0,1.06471073627472
"1171",1171,7.65000009536743,1,0,0,12,13,31,0,0,2.0347056388855
"1172",1172,15,1,0,0,18,35,59,0,0,2.70805025100708
"1173",1173,20,0,0,0,16,4,26,0,0,2.99573230743408
"1174",1174,7.69999980926514,1,0,0,12,21,39,0,0,2.04122018814087
"1175",1175,11,0,0,0,12,15,33,0,0,2.39789533615112
"1176",1176,7,1,0,0,12,16,34,0,0,1.94591009616852
"1177",1177,9,0,0,1,12,12,30,0,0,2.19722461700439
"1178",1178,7.69000005722046,0,0,0,12,12,30,0,0,2.03992080688477
"1179",1179,13,1,0,0,14,12,32,0,0,2.56494927406311
"1180",1180,8.4399995803833,1,0,0,12,32,50,0,0,2.13298225402832
"1181",1181,16.1599998474121,1,0,1,16,17,39,1,0,2.7825391292572
"1182",1182,12,1,0,0,18,3,27,0,0,2.4849066734314
"1183",1183,8.14999961853027,1,1,0,12,39,57,0,1,2.0980179309845
"1184",1184,6.96999979019165,1,0,1,9,32,47,0,0,1.94161522388458
"1185",1185,15.8400001525879,1,0,0,16,8,30,0,0,2.76253843307495
"1186",1186,11.5,0,0,0,12,16,34,0,0,2.44234704971313
"1187",1187,16,1,1,0,16,14,36,0,1,2.7725887298584
"1188",1188,14.5,1,1,1,16,23,45,0,1,2.67414855957031
"1189",1189,7.5,0,1,0,14,11,31,0,0,2.01490306854248
"1190",1190,8.52000045776367,1,0,0,10,16,32,0,0,2.14241647720337
"1191",1191,16.8299999237061,0,0,0,18,7,31,1,0,2.82316303253174
"1192",1192,7.94999980926514,1,0,0,11,33,50,1,0,2.07317185401917
"1193",1193,6.42999982833862,1,0,0,12,35,53,1,0,1.86097455024719
"1194",1194,6,1,1,0,12,35,53,0,1,1.7917594909668
"1195",1195,6,1,1,0,16,5,27,0,1,1.7917594909668
"1196",1196,9.10999965667725,1,0,0,12,3,21,0,0,2.20937275886536
"1197",1197,5.75,1,0,0,12,11,29,1,0,1.74919986724854
"1198",1198,17.3299999237061,1,0,0,12,26,44,0,0,2.85243916511536
"1199",1199,4,1,0,0,12,35,53,0,0,1.3862943649292
"1200",1200,11,0,0,0,12,35,53,1,0,2.39789533615112
"1201",1201,8,0,1,0,12,24,42,0,0,2.0794415473938
"1202",1202,6,1,0,0,16,2,24,0,0,1.7917594909668
"1203",1203,9.23999977111816,0,0,0,16,21,43,1,0,2.22354197502136
"1204",1204,8.10000038146973,0,0,0,12,13,31,0,0,2.09186410903931
"1205",1205,6,1,1,0,12,3,21,0,1,1.7917594909668
"1206",1206,9,1,1,0,12,9,27,0,1,2.19722461700439
"1207",1207,6,1,1,0,12,3,21,0,1,1.7917594909668
"1208",1208,9,1,1,1,12,19,37,0,1,2.19722461700439
"1209",1209,13,0,0,0,11,19,36,0,0,2.56494927406311
"1210",1210,4.5,1,1,0,12,21,39,0,1,1.50407743453979
"1211",1211,12.5,1,0,0,18,6,30,1,0,2.52572870254517
"1212",1212,8.32999992370605,0,0,0,18,30,54,1,0,2.11986351013184
"1213",1213,10.1000003814697,1,0,0,14,13,33,1,0,2.31253552436829
"1214",1214,11,0,0,0,12,6,24,0,0,2.39789533615112
"1215",1215,9.60999965667725,0,0,0,16,31,53,1,0,2.26280426979065
"1216",1216,5,1,0,0,12,10,28,0,0,1.60943794250488
"1217",1217,5.75,1,0,0,10,2,18,0,0,1.74919986724854
"1218",1218,4.32999992370605,0,0,0,18,7,31,1,0,1.46556746959686
"1219",1219,18,0,1,1,16,17,39,0,0,2.89037179946899
"1220",1220,10,0,0,1,12,24,42,0,0,2.30258512496948
"1221",1221,19.2299995422363,0,0,0,16,34,56,1,0,2.95647144317627
"1222",1222,18,1,1,1,16,9,31,0,1,2.89037179946899
"1223",1223,19.25,1,1,0,12,15,33,1,1,2.95751094818115
"1224",1224,17.5,0,0,1,12,16,34,0,0,2.86220097541809
"1225",1225,5,0,0,0,12,1,19,0,0,1.60943794250488
"1226",1226,18.2800006866455,1,0,0,16,9,31,1,0,2.90580749511719
"1227",1227,5.09999990463257,1,0,0,12,34,52,0,0,1.6292405128479
"1228",1228,8,1,0,0,16,1,23,0,0,2.0794415473938
"1229",1229,15.3199996948242,0,0,0,12,24,42,0,0,2.729159116745
"1230",1230,5.25,1,0,0,12,9,27,0,0,1.65822803974152
"1231",1231,11.3299999237061,0,0,1,12,17,35,1,0,2.42745399475098
"1232",1232,20.25,0,0,0,16,22,44,1,0,3.00815486907959
"1233",1233,15.9099998474121,1,0,1,18,19,43,1,0,2.76694774627686
"1234",1234,14,0,0,0,12,30,48,0,0,2.63905739784241
"1235",1235,12.3000001907349,0,0,0,20,5,31,1,0,2.50959920883179
"1236",1236,14,0,0,1,12,18,36,0,0,2.63905739784241
"1237",1237,25,1,0,0,18,35,59,1,0,3.21887588500977
"1238",1238,4.80000019073486,1,0,0,10,35,51,1,0,1.56861591339111
"1239",1239,4.25,1,0,0,7,35,48,1,0,1.44691896438599
"1240",1240,10,0,0,0,10,32,48,0,0,2.30258512496948
"1241",1241,5.19999980926514,1,0,0,12,4,22,0,0,1.64865863323212
"1242",1242,9,0,0,0,14,6,26,0,0,2.19722461700439
"1243",1243,5.25,0,0,0,11,1,18,0,0,1.65822803974152
"1244",1244,12,1,0,0,12,19,37,0,0,2.4849066734314
"1245",1245,15,0,0,1,12,15,33,0,0,2.70805025100708
"1246",1246,10.4399995803833,1,0,0,14,10,30,0,0,2.34564447402954
"1247",1247,7.5,1,0,0,14,31,51,0,0,2.01490306854248
"1248",1248,6,0,0,0,12,1,19,0,0,1.7917594909668
"1249",1249,7.55999994277954,1,0,0,14,6,26,0,0,2.02287125587463
"1250",1250,8,1,0,0,12,6,24,0,0,2.0794415473938
"1251",1251,15,0,0,0,14,28,48,1,0,2.70805025100708
"1252",1252,18,0,0,0,12,28,46,0,0,2.89037179946899
"1253",1253,4.25,1,0,0,12,0,18,0,0,1.44691896438599
"1254",1254,6,0,0,0,12,37,55,0,0,1.7917594909668
"1255",1255,22.2199993133545,0,0,0,12,20,38,1,0,3.10099267959595
"1256",1256,6,1,0,0,12,16,34,1,0,1.7917594909668
"1257",1257,1.66999995708466,0,0,0,16,10,32,1,0,0.512823581695557
"1258",1258,13.3500003814697,0,0,1,16,20,42,0,0,2.59151649475098
"1259",1259,10.5,0,0,0,12,12,30,0,0,2.35137534141541
"1260",1260,27.8799991607666,0,0,0,7,39,52,1,0,3.32790946960449
"1261",1261,5.25,1,0,0,12,5,23,0,0,1.65822803974152
"1262",1262,6.82999992370605,1,0,0,16,13,35,0,0,1.92132461071014
"1263",1263,14.75,0,1,0,12,23,41,0,0,2.69124317169189
"1264",1264,5,1,0,0,12,3,21,0,0,1.60943794250488
"1265",1265,4,1,0,0,12,14,32,0,0,1.3862943649292
"1266",1266,9.61999988555908,0,0,1,16,5,27,1,0,2.26384425163269
"1267",1267,12,0,0,0,12,10,28,0,0,2.4849066734314
"1268",1268,9,1,0,0,12,23,41,0,0,2.19722461700439
"1269",1269,5,1,1,0,10,38,54,0,1,1.60943794250488
"1270",1270,12.1000003814697,0,0,1,16,5,27,1,0,2.49320554733276
"1271",1271,12,0,0,0,12,23,41,1,0,2.4849066734314
"1272",1272,9.72000026702881,1,0,0,12,19,37,0,0,2.27418565750122
"1273",1273,12.9799995422363,0,0,0,12,45,63,1,0,2.56340956687927
"1274",1274,12.5,0,1,1,7,47,60,0,0,2.52572870254517
"1275",1275,10,0,1,1,12,18,36,0,0,2.30258512496948
"1276",1276,6.05000019073486,1,0,0,11,21,38,0,0,1.80005824565887
"1277",1277,10.8500003814697,1,1,0,12,27,45,0,1,2.38416504859924
"1278",1278,24.0300006866455,0,0,1,16,36,58,1,0,3.17930316925049
"1279",1279,15.8100004196167,1,0,0,12,12,30,0,0,2.76064276695251
"1280",1280,12.9799995422363,1,1,0,14,17,37,1,1,2.56340956687927
"1281",1281,2.13000011444092,1,0,0,12,10,28,0,0,0.756122052669525
"1282",1282,16.5799999237061,0,0,0,12,18,36,0,0,2.80819725990295
"1283",1283,21.4500007629395,0,0,0,16,27,49,1,0,3.06572461128235
"1284",1284,13.1400003433228,1,0,0,12,30,48,0,0,2.57566094398499
"1285",1285,1.66999995708466,1,0,0,10,45,61,1,0,0.512823581695557
"1286",1286,7,0,0,0,12,7,25,0,0,1.94591009616852
"1287",1287,14.8999996185303,0,0,0,16,9,31,1,0,2.70136117935181
"1288",1288,5.90000009536743,1,0,0,12,31,49,0,0,1.77495241165161
"1289",1289,10,0,0,1,12,20,38,1,0,2.30258512496948
